Student ID,Operating System,DSA,Frontend,Backend,Machine Learning,Data Analytics,Attendance (Operating System),Attendance (DSA),Attendance (Frontend),Attendance (Backend),Attendance (Machine Learning),Attendance (Data Analytics),Project 1,Project 2,Project 3,Project 4
1,88,78,68,70,86,86,75,97,86,74,76,83,Game Development,Web Development,Game Development,Data Science
2,65,68,78,92,84,64,71,83,97,96,96,97,Robotics,Web Development,AI,Game Development
3,73,69,82,74,67,76,96,91,99,84,70,85,Data Science,Web Development,Data Science,Web Development
4,85,95,58,52,89,51,79,91,70,96,76,86,Game Development,Data Science,Web Development,Game Development
5,64,55,70,50,84,58,74,87,86,81,94,91,AI,Cybersecurity,Cybersecurity,Web Development
6,85,65,56,97,79,66,93,99,76,94,89,71,Robotics,Web Development,Data Science,AI
7,67,87,73,90,94,73,93,93,85,79,93,86,Game Development,Machine Learning,Cybersecurity,Web Development
8,87,65,77,72,88,88,98,74,76,99,100,91,Data Science,Game Development,Robotics,Cybersecurity
9,80,77,59,56,63,80,78,96,79,98,74,76,AI,Robotics,Data Science,Data Science
10,61,94,77,92,68,81,78,71,82,74,79,87,Cybersecurity,Game Development,AI,Data Science
11,59,69,61,87,80,84,74,70,78,80,90,88,Data Science,Cybersecurity,Cybersecurity,AI
12,77,56,89,78,54,91,96,87,83,80,79,80,Data Science,Web Development,Machine Learning,Web Development
13,97,98,100,50,86,65,95,80,71,73,95,100,Robotics,Web Development,Web Development,Data Science
14,87,95,93,71,91,64,78,100,90,79,72,98,AI,Robotics,Web Development,Game Development
15,78,75,98,95,83,98,100,78,94,96,86,90,Game Development,Machine Learning,AI,AI
16,55,89,51,85,68,53,94,97,83,81,92,100,Web Development,Data Science,Machine Learning,Robotics
17,94,55,67,58,68,88,93,71,85,80,90,88,Game Development,Machine Learning,Machine Learning,Web Development
18,64,57,77,66,52,87,98,82,70,83,73,94,Data Science,Web Development,AI,Machine Learning
19,82,55,99,65,63,52,87,79,100,97,94,83,Machine Learning,Machine Learning,AI,Cybersecurity
20,63,61,80,68,95,79,73,71,91,76,100,83,Data Science,Robotics,Web Development,Cybersecurity
21,62,81,97,92,82,52,93,80,89,92,90,70,AI,Game Development,Robotics,Machine Learning
22,89,94,60,96,50,91,88,97,96,70,83,81,Game Development,Data Science,Machine Learning,Cybersecurity
23,83,96,90,54,92,58,90,85,98,90,79,77,Data Science,Web Development,Robotics,Cybersecurity
24,83,61,65,79,82,86,86,86,98,96,93,85,Robotics,AI,Web Development,Machine Learning
25,69,83,94,70,98,82,82,75,92,76,72,72,Game Development,AI,Game Development,AI
26,81,67,98,59,50,75,77,100,72,84,79,76,AI,Game Development,AI,Machine Learning
27,53,98,94,82,85,75,87,72,75,93,96,100,Game Development,AI,Cybersecurity,Cybersecurity
28,77,91,84,92,82,74,88,100,93,98,91,97,AI,Web Development,Data Science,Web Development
29,68,53,79,78,75,72,83,71,71,76,92,80,Machine Learning,Data Science,Web Development,Game Development
30,85,57,81,64,81,66,92,77,93,84,92,83,Game Development,Web Development,AI,Machine Learning
31,97,94,98,78,87,95,74,71,98,94,94,87,Machine Learning,Cybersecurity,Robotics,Game Development
32,81,63,51,55,65,88,74,97,93,77,98,71,Web Development,Game Development,Cybersecurity,Game Development
33,87,64,94,71,94,56,94,86,88,86,98,87,Cybersecurity,Robotics,Game Development,Game Development
34,69,97,52,74,66,74,86,95,74,91,77,96,Cybersecurity,Machine Learning,Machine Learning,Machine Learning
35,79,62,97,85,62,98,96,82,74,82,98,95,Game Development,Data Science,Data Science,AI
36,55,83,67,73,72,87,90,89,86,99,87,81,Web Development,Data Science,AI,Robotics
37,94,61,50,77,75,52,88,96,99,98,73,87,Web Development,Game Development,Cybersecurity,AI
38,58,95,60,82,63,70,90,100,90,88,78,86,Robotics,Data Science,Cybersecurity,Web Development
39,69,70,75,73,80,89,85,91,76,98,99,96,Robotics,AI,AI,Web Development
40,100,97,60,90,64,76,100,89,81,99,75,70,Game Development,Game Development,AI,Data Science
41,54,68,95,76,96,77,94,83,98,76,81,83,Machine Learning,Game Development,Machine Learning,Game Development
42,100,95,91,86,53,95,80,80,84,97,78,97,Cybersecurity,Robotics,Machine Learning,Web Development
43,56,100,70,85,72,81,83,79,74,79,80,88,AI,Game Development,Machine Learning,Cybersecurity
44,71,76,65,65,72,83,93,88,72,80,90,95,AI,Machine Learning,Web Development,Cybersecurity
45,74,87,89,74,91,70,94,72,74,100,93,83,Game Development,Game Development,AI,Machine Learning
46,91,52,76,93,65,91,97,76,72,70,90,89,Cybersecurity,AI,Cybersecurity,AI
47,92,50,53,86,80,93,85,86,71,78,71,99,Data Science,AI,AI,Game Development
48,86,84,79,61,53,82,95,97,91,76,83,93,Robotics,Data Science,Game Development,Cybersecurity
49,100,55,64,88,87,76,74,94,89,97,82,99,Data Science,Web Development,Data Science,Cybersecurity
50,62,56,84,95,53,60,97,86,97,83,90,93,Cybersecurity,Machine Learning,Robotics,Machine Learning
51,67,57,98,96,95,80,90,83,81,90,95,89,Robotics,Cybersecurity,AI,Data Science
52,79,74,67,52,75,85,78,85,73,100,72,71,Robotics,Machine Learning,Data Science,Cybersecurity
53,83,80,92,97,58,92,90,88,89,77,74,72,Data Science,Game Development,Robotics,Machine Learning
54,85,70,54,50,65,54,89,79,85,100,85,71,AI,AI,AI,AI
55,55,90,74,55,76,87,75,83,81,82,94,81,Machine Learning,Machine Learning,Robotics,AI
56,74,88,66,62,52,79,89,78,81,70,87,73,Game Development,Data Science,Cybersecurity,Machine Learning
57,60,71,85,55,89,71,96,72,78,95,82,73,Game Development,Cybersecurity,Machine Learning,Machine Learning
58,64,57,69,94,55,94,80,90,94,77,85,87,AI,Web Development,Machine Learning,Web Development
59,100,73,77,77,54,91,76,76,97,92,75,87,Game Development,Data Science,Robotics,Data Science
60,83,69,66,71,50,72,71,92,73,100,72,79,Machine Learning,AI,Cybersecurity,Web Development
61,72,93,55,58,90,90,100,72,99,81,99,70,Robotics,Data Science,Robotics,AI
62,85,79,72,76,72,68,93,97,82,94,90,90,Data Science,Robotics,Machine Learning,Robotics
63,67,88,84,66,71,74,77,79,81,83,82,97,Cybersecurity,Data Science,Data Science,Cybersecurity
64,83,68,71,60,78,51,96,80,95,76,91,78,AI,AI,Robotics,Machine Learning
65,77,85,58,77,50,75,92,93,71,93,76,85,Game Development,Machine Learning,Machine Learning,Cybersecurity
66,53,71,71,54,66,98,100,99,73,72,79,71,Data Science,Data Science,Machine Learning,Web Development
67,62,52,86,64,87,61,88,91,77,100,73,84,Web Development,Machine Learning,Machine Learning,AI
68,74,98,98,64,56,84,74,94,88,74,96,71,AI,Machine Learning,AI,Robotics
69,95,81,89,58,71,85,89,84,74,73,72,78,Cybersecurity,Machine Learning,Cybersecurity,Game Development
70,68,74,57,97,99,73,88,79,73,91,98,96,AI,Game Development,AI,Data Science
71,81,69,61,65,81,87,94,100,96,88,82,70,Machine Learning,Game Development,Machine Learning,AI
72,81,52,57,87,81,78,78,93,95,93,90,74,Game Development,AI,Web Development,AI
73,82,70,100,70,95,92,95,86,95,70,76,87,Web Development,Cybersecurity,Robotics,Machine Learning
74,55,60,63,96,79,84,86,98,77,99,99,82,Data Science,Robotics,AI,Web Development
75,67,53,56,57,77,66,76,73,93,79,90,85,Data Science,Game Development,Data Science,AI
76,69,82,90,95,96,55,98,80,92,78,77,72,Game Development,Cybersecurity,Data Science,AI
77,80,57,84,79,84,74,79,88,88,86,93,83,Data Science,Robotics,Cybersecurity,Data Science
78,51,81,63,50,97,82,93,98,74,97,71,95,Game Development,Data Science,Machine Learning,Game Development
79,53,96,85,93,64,96,86,83,78,93,91,95,Game Development,AI,Game Development,Cybersecurity
80,69,85,85,72,79,62,81,89,77,71,88,95,Game Development,Cybersecurity,Game Development,Web Development
81,92,100,50,62,94,81,94,95,78,100,97,72,Cybersecurity,Machine Learning,Data Science,Cybersecurity
82,82,55,87,66,84,77,75,73,85,78,70,75,Machine Learning,Game Development,Cybersecurity,Cybersecurity
83,81,67,79,56,66,100,99,99,93,82,70,86,Robotics,Machine Learning,Data Science,Robotics
84,67,58,87,58,66,61,74,90,71,82,88,70,Machine Learning,Game Development,AI,AI
85,59,77,84,71,60,89,86,91,75,83,70,81,Machine Learning,Data Science,Cybersecurity,Web Development
86,89,86,67,74,69,80,99,76,87,90,98,94,Cybersecurity,AI,Data Science,AI
87,95,90,58,100,54,96,94,89,79,77,75,84,Web Development,Game Development,Web Development,AI
88,77,97,59,55,78,52,93,100,83,100,87,99,Data Science,AI,Cybersecurity,Cybersecurity
89,83,86,72,92,89,93,82,75,74,84,80,97,Machine Learning,Data Science,Cybersecurity,Robotics
90,78,86,98,98,75,53,71,91,78,78,81,76,Game Development,Game Development,AI,Machine Learning
91,95,93,84,99,84,62,79,77,100,99,99,93,Robotics,Machine Learning,Web Development,Data Science
92,95,76,82,57,57,50,86,79,85,76,90,94,Machine Learning,Cybersecurity,Machine Learning,Game Development
93,52,56,97,84,86,98,97,90,93,78,78,70,Data Science,Machine Learning,AI,AI
94,56,54,80,94,98,82,80,87,84,86,84,93,Machine Learning,Machine Learning,Cybersecurity,Cybersecurity
95,53,77,98,51,53,96,97,78,80,82,96,89,Robotics,Cybersecurity,AI,Game Development
96,93,64,96,83,63,85,84,72,98,89,83,93,Cybersecurity,Game Development,Data Science,Data Science
97,76,93,77,100,61,62,74,84,76,99,97,78,AI,Cybersecurity,Game Development,Game Development
98,96,95,68,61,77,64,71,79,93,90,71,76,Data Science,Game Development,Web Development,Robotics
99,56,78,86,86,55,69,77,89,93,87,72,73,Robotics,Machine Learning,Game Development,Web Development
100,82,73,54,69,90,86,80,85,94,73,73,96,Data Science,AI,Game Development,AI
101,79,78,64,57,93,93,79,88,85,97,98,77,AI,Cybersecurity,Machine Learning,Web Development
102,67,56,85,51,96,78,80,99,71,97,83,80,Machine Learning,Machine Learning,Web Development,Cybersecurity
103,81,74,55,98,56,63,86,76,71,94,97,92,Cybersecurity,Machine Learning,Game Development,Data Science
104,82,98,90,75,79,62,81,94,100,85,88,74,Robotics,Robotics,Game Development,Web Development
105,54,73,100,54,78,80,87,85,70,70,90,88,Game Development,Game Development,Machine Learning,AI
106,55,77,85,56,56,76,77,88,96,72,92,76,Robotics,Web Development,Data Science,Web Development
107,63,68,60,58,96,57,77,93,91,88,75,88,AI,Web Development,AI,Data Science
108,87,83,99,84,74,72,71,100,97,91,88,96,Machine Learning,Cybersecurity,Game Development,Web Development
109,51,92,66,94,92,52,84,91,95,91,76,84,Robotics,Data Science,Data Science,Web Development
110,97,82,54,85,88,90,84,71,80,70,100,89,Game Development,Robotics,Web Development,Game Development
111,94,86,89,63,54,68,78,74,81,90,94,98,Cybersecurity,Data Science,AI,Cybersecurity
112,70,71,73,88,52,88,74,85,75,84,96,73,Game Development,AI,Web Development,Robotics
113,61,71,68,80,55,94,85,92,84,95,96,88,Web Development,Game Development,Web Development,AI
114,54,57,75,91,96,59,83,91,91,89,90,96,AI,Cybersecurity,Robotics,Machine Learning
115,51,63,58,77,91,57,84,79,81,76,77,99,Robotics,Robotics,Cybersecurity,Game Development
116,65,95,79,60,99,76,92,94,76,78,80,78,Machine Learning,Cybersecurity,Cybersecurity,Game Development
117,50,61,55,94,95,82,91,98,90,89,93,70,Cybersecurity,Machine Learning,Game Development,Web Development
118,79,93,94,54,52,71,93,81,78,82,96,93,Machine Learning,Machine Learning,Data Science,Data Science
119,53,72,76,87,81,88,76,70,87,79,90,76,AI,AI,Robotics,Cybersecurity
120,76,99,92,59,85,53,99,91,77,94,81,83,Web Development,Game Development,Machine Learning,Machine Learning
121,66,90,56,69,95,55,83,86,89,79,98,74,AI,Game Development,Data Science,Cybersecurity
122,93,80,51,75,70,50,79,71,100,76,73,100,Cybersecurity,Machine Learning,Web Development,Data Science
123,80,99,81,98,62,63,93,73,92,93,70,84,Game Development,Cybersecurity,Cybersecurity,Web Development
124,50,97,61,100,71,81,80,98,79,83,86,86,Robotics,Web Development,Machine Learning,Web Development
125,99,50,74,56,63,95,93,82,83,71,83,86,Machine Learning,AI,Web Development,Web Development
126,69,87,53,85,97,72,74,96,87,80,71,83,AI,Machine Learning,Game Development,Web Development
127,51,82,97,70,81,69,92,83,100,78,88,76,Data Science,Game Development,Cybersecurity,Cybersecurity
128,62,96,56,69,78,87,70,75,93,80,99,84,Cybersecurity,Web Development,Game Development,AI
129,73,76,100,92,86,100,95,92,83,88,98,74,Data Science,Machine Learning,Cybersecurity,Robotics
130,55,55,68,67,58,58,95,81,75,83,89,90,AI,Cybersecurity,Cybersecurity,Data Science
131,89,77,78,90,91,84,77,74,86,94,88,75,Data Science,Cybersecurity,Machine Learning,Cybersecurity
132,53,90,51,56,75,61,90,98,72,88,88,89,Web Development,Machine Learning,Cybersecurity,Game Development
133,58,55,86,74,95,66,71,84,79,84,73,97,Machine Learning,Data Science,Cybersecurity,Machine Learning
134,73,86,70,91,93,100,75,95,94,87,93,88,Cybersecurity,Machine Learning,Machine Learning,Web Development
135,58,51,55,93,52,68,89,90,70,89,76,99,Robotics,Robotics,Robotics,Cybersecurity
136,76,72,50,100,79,67,85,100,90,91,84,78,AI,Data Science,Web Development,Data Science
137,91,100,75,87,64,95,92,95,74,73,74,81,Game Development,Cybersecurity,AI,Machine Learning
138,75,60,78,65,90,93,98,71,96,81,82,86,Cybersecurity,Game Development,AI,Machine Learning
139,82,60,91,92,84,85,78,90,89,79,76,72,Robotics,AI,Data Science,Machine Learning
140,69,81,87,69,100,60,83,84,99,87,74,100,Machine Learning,Machine Learning,AI,Data Science
141,69,52,98,61,52,58,88,94,70,83,87,79,Data Science,Game Development,Cybersecurity,Web Development
142,52,74,93,87,95,54,77,99,89,81,77,74,Game Development,Web Development,Data Science,Web Development
143,68,65,87,58,55,64,95,94,95,89,90,96,Machine Learning,Cybersecurity,Game Development,Web Development
144,70,73,92,60,89,74,86,74,93,97,81,100,Data Science,Game Development,Web Development,Cybersecurity
145,83,86,94,94,50,59,87,76,98,96,78,80,Data Science,Game Development,Machine Learning,Game Development
146,63,68,52,72,73,51,86,71,97,73,90,85,AI,Data Science,Data Science,Web Development
147,94,55,81,75,92,72,91,88,89,78,99,94,Machine Learning,Game Development,Data Science,Robotics
148,93,88,78,97,57,69,80,97,74,72,93,70,Robotics,Machine Learning,Data Science,Data Science
149,94,71,73,87,91,80,100,100,74,86,70,88,Web Development,Machine Learning,Cybersecurity,AI
150,74,65,79,80,87,72,96,84,80,88,94,86,Game Development,AI,Web Development,Robotics
151,83,99,58,66,70,84,76,79,86,79,94,81,Cybersecurity,Cybersecurity,Robotics,Game Development
152,57,85,57,90,63,59,95,93,97,77,83,98,AI,Cybersecurity,Web Development,Game Development
153,68,82,53,72,95,79,70,83,73,98,80,91,Robotics,Game Development,Web Development,Robotics
154,71,94,88,76,72,52,98,88,70,100,85,82,Data Science,Robotics,Data Science,Cybersecurity
155,53,89,53,84,51,97,94,74,74,77,74,88,Data Science,Data Science,Robotics,Data Science
156,93,51,51,60,67,70,71,97,77,85,73,72,Machine Learning,Cybersecurity,Machine Learning,Cybersecurity
157,50,88,73,51,50,87,98,84,83,72,89,82,Web Development,Web Development,Machine Learning,Data Science
158,50,88,62,79,92,95,86,86,90,77,75,77,Game Development,Web Development,Robotics,Web Development
159,65,80,85,99,54,90,84,76,91,97,73,71,Robotics,Data Science,AI,Cybersecurity
160,75,95,60,100,60,84,71,80,99,89,95,85,Cybersecurity,Web Development,Web Development,Web Development
161,93,61,77,72,81,53,90,99,89,90,74,93,Robotics,Data Science,AI,Game Development
162,100,54,85,79,84,87,100,72,95,76,73,98,Game Development,Data Science,Data Science,Robotics
163,98,71,73,86,68,65,74,89,91,71,71,85,Cybersecurity,Web Development,Data Science,Web Development
164,91,84,76,55,60,58,100,85,99,86,76,70,Machine Learning,Machine Learning,Robotics,AI
165,54,72,96,92,70,82,73,81,71,85,92,80,Cybersecurity,Game Development,Machine Learning,Web Development
166,67,64,61,67,91,66,74,90,87,82,73,90,Game Development,Robotics,Data Science,Game Development
167,86,58,99,89,94,57,73,70,84,81,86,75,Cybersecurity,Machine Learning,Machine Learning,AI
168,82,86,72,70,51,74,80,85,98,93,78,76,AI,Game Development,Web Development,Machine Learning
169,86,55,53,65,61,90,88,81,79,70,83,84,Game Development,AI,Machine Learning,Machine Learning
170,82,62,80,62,93,56,97,99,80,83,71,75,Game Development,Web Development,Web Development,Machine Learning
171,93,93,50,85,70,50,92,79,77,81,85,97,AI,Robotics,Machine Learning,Game Development
172,51,65,60,52,93,68,86,83,75,75,97,94,Web Development,AI,Robotics,AI
173,67,95,62,84,92,87,86,73,89,87,95,97,Data Science,Web Development,AI,Cybersecurity
174,88,66,88,100,89,62,88,85,82,98,95,82,Machine Learning,AI,Web Development,Robotics
175,96,52,84,57,83,51,78,80,87,77,73,89,Machine Learning,Cybersecurity,Data Science,AI
176,87,91,56,73,62,54,83,78,75,89,99,80,Game Development,Machine Learning,AI,Cybersecurity
177,75,72,79,65,88,83,97,92,88,99,72,86,Machine Learning,Machine Learning,Cybersecurity,Web Development
178,64,85,93,63,89,64,83,80,84,86,89,86,Game Development,Web Development,Machine Learning,Game Development
179,65,87,87,58,68,57,79,76,97,93,81,89,Web Development,Robotics,Web Development,Web Development
180,77,51,86,75,67,94,89,90,86,78,80,94,Game Development,Game Development,Cybersecurity,AI
181,73,53,83,82,61,52,72,75,88,91,96,93,Web Development,Cybersecurity,Data Science,AI
182,60,53,95,75,66,90,73,90,89,81,100,84,Robotics,Game Development,Data Science,AI
183,72,66,69,63,90,84,98,98,94,79,74,85,Machine Learning,Game Development,AI,Machine Learning
184,67,50,87,61,59,79,71,88,75,79,82,86,Web Development,AI,Web Development,AI
185,73,72,69,72,80,59,92,83,94,80,99,79,Robotics,AI,Data Science,Robotics
186,94,67,76,85,66,77,75,96,86,84,95,99,Game Development,Web Development,AI,Web Development
187,60,53,68,69,58,68,88,93,75,77,80,94,Web Development,Machine Learning,Game Development,Machine Learning
188,64,79,87,97,87,96,83,93,80,71,89,85,Robotics,Robotics,Game Development,Data Science
189,78,58,64,90,57,91,89,84,87,79,97,72,Web Development,AI,Machine Learning,Cybersecurity
190,73,84,72,95,57,51,91,90,83,100,75,97,Cybersecurity,Machine Learning,Data Science,Data Science
191,68,87,71,99,92,83,91,95,76,71,85,88,Robotics,Robotics,Robotics,AI
192,90,65,99,88,72,55,86,97,90,76,87,77,Cybersecurity,Data Science,AI,Robotics
193,50,73,98,56,83,81,99,70,84,90,79,75,Robotics,Web Development,Game Development,Robotics
194,61,96,75,69,69,63,100,79,86,89,97,73,Web Development,Web Development,Game Development,Game Development
195,89,82,79,78,100,89,99,95,83,98,99,87,Robotics,Robotics,Machine Learning,Cybersecurity
196,52,84,85,78,72,77,77,70,87,86,100,98,Machine Learning,Data Science,Data Science,Game Development
197,65,77,85,93,52,50,92,70,75,81,72,75,Machine Learning,AI,Machine Learning,Game Development
198,76,80,54,79,68,82,74,90,84,75,84,76,Web Development,Robotics,Data Science,Robotics
199,100,94,61,61,78,61,85,82,87,84,88,77,Game Development,Cybersecurity,Game Development,Robotics
200,56,73,86,95,89,62,82,86,89,99,74,79,Cybersecurity,Cybersecurity,Data Science,Robotics
201,73,53,61,99,89,69,95,73,83,77,94,97,Game Development,Web Development,Robotics,Cybersecurity
202,56,68,77,52,87,79,75,80,100,99,76,76,Cybersecurity,Web Development,Robotics,Data Science
203,68,77,76,80,91,56,86,93,99,75,71,99,Cybersecurity,Web Development,Game Development,Game Development
204,92,82,97,61,92,54,93,78,93,84,91,72,Cybersecurity,Game Development,Robotics,Cybersecurity
205,95,70,52,85,64,79,86,83,77,81,94,99,Cybersecurity,Data Science,Robotics,Game Development
206,79,79,75,50,82,80,77,100,78,95,78,77,Machine Learning,Robotics,AI,Machine Learning
207,81,54,66,83,60,64,84,100,81,70,75,100,Machine Learning,Data Science,Game Development,Web Development
208,56,69,79,93,79,73,70,90,75,99,99,89,Cybersecurity,AI,Game Development,Data Science
209,55,84,71,84,76,81,75,100,83,100,76,71,AI,Machine Learning,Game Development,Robotics
210,74,90,76,92,88,79,87,77,96,74,99,97,Web Development,AI,Web Development,Robotics
211,79,89,99,52,51,64,100,84,84,75,86,95,Web Development,Game Development,Data Science,Cybersecurity
212,71,53,54,55,53,91,89,93,98,98,78,70,Web Development,Machine Learning,AI,Game Development
213,52,54,54,67,55,92,81,74,91,95,84,81,Data Science,AI,AI,Web Development
214,59,76,73,62,73,53,83,79,98,85,94,87,AI,Robotics,Data Science,Web Development
215,78,86,93,65,62,59,81,87,79,86,78,93,Robotics,AI,Cybersecurity,Data Science
216,51,67,79,99,70,53,72,95,73,87,95,76,Robotics,Robotics,Machine Learning,Data Science
217,77,85,78,99,65,85,81,100,77,97,80,99,Web Development,AI,Game Development,Web Development
218,99,81,90,61,64,77,89,72,94,89,96,87,AI,Web Development,AI,Web Development
219,95,68,56,56,62,72,75,89,77,91,90,97,Data Science,Cybersecurity,Machine Learning,Cybersecurity
220,91,57,73,76,79,53,75,92,82,87,78,90,Game Development,Data Science,Data Science,AI
221,51,87,84,69,50,63,71,98,86,83,81,90,Robotics,AI,Machine Learning,Web Development
222,76,94,50,98,88,77,99,96,99,85,84,95,Game Development,Robotics,Machine Learning,Web Development
223,75,85,75,67,69,95,87,84,91,92,73,80,Cybersecurity,Cybersecurity,Game Development,Robotics
224,67,92,85,76,100,91,86,80,100,71,86,73,Web Development,Robotics,Game Development,AI
225,66,70,89,88,99,76,87,72,81,77,82,70,Game Development,Data Science,AI,AI
226,52,88,63,73,54,81,94,71,70,96,83,74,Data Science,Robotics,Data Science,Cybersecurity
227,69,75,57,79,88,55,72,73,84,90,71,93,Web Development,AI,Cybersecurity,Machine Learning
228,60,96,66,60,85,55,92,84,72,78,96,100,Game Development,Game Development,AI,Game Development
229,93,86,93,75,64,67,98,89,97,98,82,93,Game Development,Robotics,Data Science,Cybersecurity
230,78,82,52,97,98,90,81,73,83,72,79,91,Machine Learning,Robotics,AI,Data Science
231,71,80,51,87,77,86,82,93,95,89,70,86,Web Development,Data Science,Web Development,Machine Learning
232,75,66,76,97,80,69,76,87,79,99,89,95,Machine Learning,AI,Web Development,Robotics
233,86,98,75,53,92,97,88,74,89,93,80,77,Cybersecurity,Data Science,Data Science,Data Science
234,99,56,54,96,78,93,86,83,83,90,82,99,Web Development,Machine Learning,AI,Web Development
235,81,64,95,53,56,51,96,75,79,85,70,91,Robotics,Machine Learning,Data Science,AI
236,84,52,50,75,87,71,82,89,81,75,83,70,Data Science,Web Development,AI,Data Science
237,57,60,96,99,90,85,74,78,75,89,98,76,Data Science,Game Development,Robotics,Web Development
238,69,72,70,59,51,89,78,86,79,87,79,95,Cybersecurity,Data Science,AI,AI
239,52,85,83,78,91,71,82,91,72,74,96,84,Data Science,Cybersecurity,Robotics,Cybersecurity
240,73,69,63,83,96,96,80,84,98,95,72,92,Game Development,Cybersecurity,Robotics,Data Science
241,57,72,65,96,76,89,79,97,94,84,78,88,Cybersecurity,Web Development,Web Development,Data Science
242,99,90,70,95,55,66,78,98,75,72,95,88,Data Science,Web Development,Game Development,Machine Learning
243,95,74,96,87,63,56,87,85,99,77,74,82,Cybersecurity,Game Development,Machine Learning,Cybersecurity
244,70,99,97,85,81,98,70,84,93,73,74,93,Game Development,Game Development,AI,Data Science
245,50,98,57,96,91,61,92,85,87,98,81,98,Robotics,Web Development,Game Development,Robotics
246,71,99,93,84,64,86,78,98,77,73,85,77,Data Science,Cybersecurity,Data Science,Machine Learning
247,52,75,83,77,98,79,73,79,94,89,100,95,Robotics,Machine Learning,Game Development,Machine Learning
248,91,98,61,98,74,72,82,70,72,70,99,89,Machine Learning,Game Development,Cybersecurity,Machine Learning
249,95,67,75,81,93,83,84,87,100,74,92,95,Robotics,AI,Web Development,Machine Learning
250,98,72,75,94,61,97,71,79,79,91,88,95,Machine Learning,Robotics,Game Development,Cybersecurity
251,64,95,71,81,76,73,93,86,78,94,71,98,Game Development,Machine Learning,AI,Cybersecurity
252,50,85,99,76,93,86,80,83,83,98,84,77,Data Science,Cybersecurity,Robotics,Web Development
253,69,92,80,100,99,71,80,84,70,92,86,86,Game Development,Data Science,Machine Learning,Robotics
254,56,76,82,86,61,98,96,95,88,96,93,93,Web Development,Web Development,Cybersecurity,Game Development
255,64,66,71,87,51,57,71,72,84,93,71,99,Cybersecurity,Game Development,Machine Learning,Game Development
256,70,51,53,77,89,100,77,71,80,88,90,96,Cybersecurity,Web Development,Game Development,AI
257,84,81,52,53,71,59,86,93,81,78,81,98,Data Science,Data Science,Cybersecurity,Web Development
258,71,86,55,66,91,76,85,95,91,94,100,90,Data Science,Machine Learning,Game Development,Game Development
259,59,95,86,94,67,72,80,96,83,72,79,93,Game Development,AI,AI,Web Development
260,51,79,56,80,53,98,81,81,88,83,95,98,Game Development,Web Development,Data Science,Data Science
261,57,90,81,55,99,64,83,85,75,79,76,80,Game Development,Cybersecurity,AI,Web Development
262,63,83,100,66,64,80,92,98,87,81,98,79,AI,Machine Learning,AI,Game Development
263,79,69,61,85,70,87,89,85,81,78,81,86,AI,Game Development,Machine Learning,Machine Learning
264,81,97,56,60,96,70,78,85,74,82,81,77,Cybersecurity,Data Science,Robotics,Web Development
265,92,53,75,64,66,66,98,93,76,83,93,90,Robotics,Web Development,Robotics,Web Development
266,79,86,59,85,76,73,99,95,80,88,97,82,Cybersecurity,Machine Learning,AI,Web Development
267,83,74,94,84,65,67,77,93,89,99,75,83,AI,Machine Learning,Robotics,Web Development
268,71,60,82,62,90,80,84,84,78,76,92,91,AI,Web Development,Data Science,AI
269,77,92,88,65,52,76,73,70,82,82,77,73,Cybersecurity,Game Development,Cybersecurity,Data Science
270,76,75,94,91,69,73,76,84,99,80,71,92,Web Development,Robotics,Web Development,Web Development
271,56,74,71,53,55,91,89,83,76,98,75,74,Web Development,Web Development,Game Development,Robotics
272,63,81,84,50,57,55,95,73,90,97,78,70,Robotics,Robotics,Cybersecurity,Game Development
273,60,53,59,80,80,100,89,85,78,90,76,92,Cybersecurity,Data Science,Machine Learning,Web Development
274,68,69,92,89,86,70,84,77,92,75,82,76,Game Development,AI,Cybersecurity,Robotics
275,89,91,53,53,68,75,94,100,95,70,77,84,Machine Learning,Data Science,Web Development,Web Development
276,92,91,63,59,82,97,71,89,77,93,90,92,Cybersecurity,Machine Learning,Cybersecurity,Robotics
277,83,64,87,81,61,90,86,76,91,73,79,84,Data Science,Game Development,Cybersecurity,Web Development
278,60,93,62,70,70,90,93,73,91,84,75,84,AI,Machine Learning,Cybersecurity,Game Development
279,74,58,61,77,65,72,94,73,94,91,89,99,Robotics,Web Development,Game Development,Data Science
280,85,85,76,97,56,55,82,92,80,86,99,98,Robotics,Data Science,Robotics,Robotics
281,75,56,52,63,50,82,74,76,95,87,82,87,Cybersecurity,Game Development,Web Development,Data Science
282,90,82,77,60,93,86,74,84,71,88,82,100,Robotics,Game Development,AI,Web Development
283,97,72,90,59,74,70,75,91,82,96,85,77,Machine Learning,Data Science,Robotics,AI
284,69,55,59,87,90,86,78,71,93,72,96,70,Robotics,Data Science,Data Science,Web Development
285,53,76,66,60,88,93,82,83,75,100,96,94,Robotics,Data Science,Robotics,AI
286,62,54,84,55,63,92,79,71,86,73,75,71,Robotics,AI,Robotics,Data Science
287,74,66,73,65,83,55,93,80,87,83,94,82,Machine Learning,Web Development,AI,Cybersecurity
288,79,93,77,66,88,73,73,100,98,92,71,95,Data Science,Cybersecurity,Web Development,Cybersecurity
289,74,86,72,99,86,97,94,100,83,85,83,73,Data Science,Data Science,Game Development,Game Development
290,58,62,77,58,73,74,90,81,96,97,82,93,Cybersecurity,Web Development,Cybersecurity,Robotics
291,57,84,51,78,69,78,83,78,83,71,95,83,Web Development,Data Science,Data Science,Web Development
292,95,69,74,78,60,75,99,99,90,98,70,81,Cybersecurity,Machine Learning,Data Science,Robotics
293,66,68,81,75,57,81,79,75,77,95,85,84,Robotics,Robotics,Data Science,Game Development
294,98,52,70,79,64,68,76,73,100,82,91,93,Data Science,Machine Learning,Machine Learning,Cybersecurity
295,69,96,51,94,81,98,83,89,83,100,90,94,Game Development,Machine Learning,Game Development,Data Science
296,97,86,90,66,98,85,95,94,88,77,99,94,Data Science,Cybersecurity,Machine Learning,AI
297,63,87,95,75,93,84,87,78,75,81,80,72,Machine Learning,Robotics,AI,AI
298,86,87,94,62,60,69,97,89,91,76,82,97,Machine Learning,Web Development,Game Development,AI
299,98,67,88,55,89,71,92,74,87,70,77,85,Machine Learning,Machine Learning,Robotics,Machine Learning
300,60,67,88,85,99,99,88,91,75,79,89,70,Machine Learning,Cybersecurity,Data Science,AI
301,59,73,79,53,73,52,80,82,94,93,100,94,Web Development,AI,Web Development,AI
302,64,79,68,94,96,74,73,78,72,91,78,88,Robotics,Cybersecurity,Robotics,Game Development
303,80,71,54,84,89,73,71,88,97,90,85,99,Game Development,Robotics,Data Science,Cybersecurity
304,62,97,99,55,93,76,74,75,84,85,93,94,AI,Game Development,Robotics,Cybersecurity
305,57,67,75,53,100,100,80,97,71,75,72,90,Game Development,Game Development,AI,Web Development
306,50,76,100,100,86,99,81,72,98,83,74,79,Cybersecurity,Cybersecurity,Machine Learning,Machine Learning
307,61,68,60,78,74,89,97,98,92,99,75,99,Cybersecurity,Data Science,AI,Web Development
308,65,69,51,65,80,75,91,90,84,79,79,97,Robotics,Machine Learning,AI,Game Development
309,61,95,98,57,70,78,90,94,78,81,76,71,Web Development,AI,Machine Learning,Robotics
310,97,67,71,61,84,69,92,73,77,73,85,97,Cybersecurity,AI,Robotics,Robotics
311,73,65,62,77,82,86,81,75,97,86,98,78,Robotics,Game Development,AI,Data Science
312,68,63,89,85,78,84,85,91,87,95,72,85,Cybersecurity,Cybersecurity,Game Development,Data Science
313,81,55,74,87,94,68,100,98,80,79,80,89,Game Development,Game Development,Web Development,Data Science
314,98,91,84,69,95,50,83,75,86,95,86,71,Cybersecurity,Data Science,Machine Learning,Robotics
315,62,57,93,55,80,63,94,95,90,100,87,77,Web Development,Game Development,Cybersecurity,Game Development
316,60,75,78,69,66,71,72,95,92,97,78,96,Web Development,Game Development,Cybersecurity,Robotics
317,54,61,86,63,90,62,99,97,95,96,74,90,Cybersecurity,Web Development,Data Science,Robotics
318,72,80,74,54,100,51,80,97,97,78,99,95,Machine Learning,AI,Cybersecurity,Machine Learning
319,69,55,79,89,77,72,70,92,79,99,76,81,Cybersecurity,Data Science,Robotics,Cybersecurity
320,84,95,55,60,55,50,72,78,89,96,85,98,Machine Learning,AI,Machine Learning,Data Science
321,94,55,66,92,83,94,98,87,84,91,70,95,AI,Game Development,Machine Learning,Machine Learning
322,97,94,60,95,66,93,73,90,92,80,75,98,Data Science,Cybersecurity,Robotics,Cybersecurity
323,60,83,88,91,82,84,89,100,82,72,93,71,Machine Learning,Robotics,Robotics,Game Development
324,88,65,95,53,67,91,71,91,77,77,97,71,Machine Learning,Cybersecurity,Web Development,Data Science
325,75,73,100,56,55,89,85,99,96,74,99,72,Data Science,Data Science,Web Development,Data Science
326,85,56,79,64,76,71,92,88,94,80,100,92,Machine Learning,Data Science,Web Development,Machine Learning
327,75,62,60,86,87,74,71,78,74,78,95,76,Game Development,Robotics,Cybersecurity,Game Development
328,83,67,74,94,51,98,90,98,84,76,75,83,Data Science,Data Science,Game Development,Robotics
329,70,74,73,61,70,97,73,92,93,71,78,92,Data Science,Data Science,Cybersecurity,Data Science
330,63,98,51,99,54,61,73,83,94,74,78,92,Game Development,Robotics,Game Development,Cybersecurity
331,91,59,51,71,82,50,72,81,99,94,99,93,Machine Learning,Data Science,Web Development,AI
332,83,71,62,91,82,84,100,78,89,81,79,88,Game Development,Robotics,Robotics,Game Development
333,69,72,95,75,50,76,98,96,81,80,82,98,Game Development,Cybersecurity,Robotics,Data Science
334,68,58,54,76,88,79,83,93,96,85,96,70,Web Development,Data Science,Machine Learning,Game Development
335,98,68,73,96,58,63,76,75,94,72,86,95,AI,Cybersecurity,Machine Learning,Game Development
336,52,71,63,76,54,95,97,79,87,89,70,84,AI,Data Science,Machine Learning,Game Development
337,97,86,86,73,87,63,77,96,97,84,93,77,Cybersecurity,Data Science,Robotics,Cybersecurity
338,66,55,55,96,93,52,85,74,77,71,91,89,Machine Learning,AI,Web Development,Robotics
339,78,90,58,63,54,66,98,95,92,93,91,89,Cybersecurity,Web Development,Web Development,Web Development
340,91,97,53,91,89,53,83,78,99,71,89,71,Data Science,AI,Web Development,Web Development
341,51,91,51,92,86,70,78,71,95,75,78,85,Cybersecurity,Cybersecurity,Web Development,Data Science
342,95,62,72,91,74,70,78,99,89,75,89,88,Robotics,Game Development,Cybersecurity,Game Development
343,64,80,62,53,65,84,75,96,74,70,73,73,Cybersecurity,Robotics,Robotics,Machine Learning
344,59,52,83,100,92,91,82,91,84,98,100,81,Cybersecurity,Data Science,AI,Cybersecurity
345,67,56,61,56,98,90,82,100,90,73,81,91,Cybersecurity,Cybersecurity,Data Science,Game Development
346,99,68,74,55,64,88,96,97,94,89,99,81,Machine Learning,Cybersecurity,Cybersecurity,Robotics
347,88,79,57,76,77,60,100,81,80,87,73,77,Machine Learning,Machine Learning,Cybersecurity,Data Science
348,62,68,100,71,80,66,100,92,74,79,81,85,AI,Robotics,Web Development,Machine Learning
349,64,60,80,53,51,70,79,98,93,70,76,73,Machine Learning,Robotics,Game Development,Web Development
350,61,81,61,61,74,69,72,76,89,96,86,91,Web Development,Cybersecurity,Game Development,Web Development
351,78,75,68,61,78,77,91,96,86,98,80,93,Cybersecurity,AI,Cybersecurity,Data Science
352,100,60,51,68,60,73,83,95,70,84,92,91,Web Development,Machine Learning,Data Science,Game Development
353,97,71,69,97,86,96,96,90,100,82,81,73,Web Development,Robotics,Data Science,Data Science
354,99,100,94,84,78,75,76,72,78,90,93,83,Data Science,Game Development,Web Development,Game Development
355,74,58,84,91,78,94,70,85,71,94,79,90,Game Development,Game Development,AI,Robotics
356,97,70,91,65,58,76,95,76,88,72,70,96,Robotics,Robotics,Robotics,Data Science
357,84,83,70,97,73,81,77,71,78,87,93,78,AI,Robotics,Robotics,Web Development
358,78,66,64,97,80,64,85,87,73,88,89,74,Cybersecurity,Game Development,AI,Data Science
359,79,62,67,97,81,80,91,79,72,92,79,86,Machine Learning,Cybersecurity,Data Science,Robotics
360,99,68,66,56,56,60,94,98,84,98,100,91,Data Science,Robotics,Robotics,Cybersecurity
361,99,52,81,91,70,73,78,89,100,93,95,77,Machine Learning,Robotics,Game Development,Data Science
362,71,93,82,87,69,98,98,86,73,96,74,74,Game Development,AI,Machine Learning,Web Development
363,51,56,100,52,65,97,72,81,74,71,97,95,Game Development,Web Development,Cybersecurity,Data Science
364,82,94,71,63,87,76,97,95,75,89,81,100,Robotics,Robotics,AI,AI
365,55,99,88,51,91,85,74,86,77,100,95,78,Machine Learning,Web Development,Web Development,Web Development
366,87,59,50,83,79,79,94,74,81,85,83,81,Machine Learning,Data Science,Cybersecurity,AI
367,67,67,64,76,89,57,83,92,93,93,96,82,AI,AI,Data Science,AI
368,79,93,79,85,98,70,81,86,70,92,70,99,AI,Robotics,Robotics,Web Development
369,89,56,93,60,60,57,85,98,83,89,96,92,AI,Robotics,Web Development,Machine Learning
370,69,83,76,91,50,62,73,88,97,76,89,82,Web Development,Data Science,Data Science,Web Development
371,90,74,98,71,72,51,74,74,88,87,81,75,Machine Learning,Web Development,Data Science,Game Development
372,75,98,73,84,54,50,75,86,70,86,96,87,AI,Cybersecurity,Data Science,Data Science
373,55,85,89,54,59,57,77,89,79,71,83,84,Web Development,Cybersecurity,Game Development,AI
374,89,85,96,98,99,89,76,84,70,75,79,79,Data Science,Data Science,AI,AI
375,82,63,73,89,57,84,79,76,91,77,83,80,Robotics,Game Development,Cybersecurity,Game Development
376,86,84,81,53,95,60,73,92,95,72,96,91,Web Development,Cybersecurity,Data Science,Data Science
377,91,78,74,65,52,93,75,87,98,76,77,71,Machine Learning,Game Development,Data Science,AI
378,83,51,69,89,50,97,96,78,90,100,74,93,Web Development,Data Science,Machine Learning,Game Development
379,82,75,82,70,92,94,71,74,78,72,89,88,Web Development,Game Development,Web Development,Machine Learning
380,84,93,66,75,72,68,71,90,78,100,90,78,Cybersecurity,Machine Learning,Data Science,Robotics
381,89,92,68,84,94,88,76,79,72,91,83,72,Game Development,Game Development,Game Development,Data Science
382,62,87,84,72,62,93,96,90,79,96,74,83,Robotics,Robotics,Cybersecurity,AI
383,74,51,86,73,79,67,86,73,86,76,73,89,Cybersecurity,Game Development,Data Science,Data Science
384,54,71,62,90,77,57,94,81,94,71,94,79,Web Development,Machine Learning,AI,Game Development
385,67,62,75,69,96,55,86,93,76,92,92,88,Web Development,Game Development,Robotics,Cybersecurity
386,100,67,61,53,96,70,92,94,78,77,94,87,Game Development,Machine Learning,Web Development,Cybersecurity
387,96,72,88,64,67,58,88,76,81,71,95,92,Cybersecurity,Data Science,Data Science,AI
388,57,87,66,99,84,69,73,86,98,95,89,97,Robotics,Cybersecurity,Robotics,AI
389,53,83,65,70,57,53,87,74,70,88,70,93,Cybersecurity,Game Development,Web Development,Web Development
390,67,83,77,94,77,99,94,100,81,78,97,89,Robotics,Cybersecurity,Game Development,Web Development
391,95,69,89,79,51,96,71,71,80,96,99,70,Web Development,AI,AI,Robotics
392,51,99,56,97,83,78,94,77,74,72,83,97,Robotics,Machine Learning,AI,Machine Learning
393,50,62,60,86,70,91,84,91,72,86,95,81,Web Development,Web Development,Game Development,Cybersecurity
394,96,99,99,55,68,51,84,84,70,91,72,95,Game Development,Cybersecurity,Cybersecurity,Data Science
395,85,60,86,99,50,98,85,80,75,98,73,77,Game Development,Web Development,Web Development,Data Science
396,54,61,65,72,94,74,71,93,78,71,70,89,AI,Data Science,Data Science,Cybersecurity
397,53,64,89,91,90,99,98,99,86,78,90,95,Data Science,Data Science,Data Science,Robotics
398,90,85,79,52,66,74,82,98,88,75,97,86,Machine Learning,AI,Machine Learning,Game Development
399,99,67,60,84,64,69,83,93,78,77,75,95,Web Development,AI,Game Development,AI
400,82,89,87,92,77,94,78,90,76,81,96,72,Game Development,Cybersecurity,Web Development,Web Development
401,54,52,56,92,69,68,78,87,72,97,77,71,Data Science,Machine Learning,Robotics,Robotics
402,72,95,84,89,54,96,85,97,76,88,75,72,Machine Learning,Game Development,Data Science,Robotics
403,93,64,95,75,94,95,99,76,79,72,92,96,Web Development,Cybersecurity,Web Development,Web Development
404,85,91,89,90,54,58,97,94,95,74,94,81,Data Science,Web Development,Web Development,Robotics
405,82,96,79,55,80,91,79,73,86,80,79,85,AI,Web Development,Game Development,Game Development
406,74,53,97,83,89,100,78,99,90,82,92,94,AI,Game Development,Robotics,Game Development
407,63,55,96,87,82,57,90,73,87,92,88,76,Web Development,Web Development,Cybersecurity,Machine Learning
408,88,79,70,68,89,68,92,88,98,96,80,96,Data Science,Game Development,Machine Learning,Robotics
409,78,53,73,57,54,94,72,80,75,70,81,89,Robotics,Web Development,Web Development,Robotics
410,80,91,90,56,86,54,84,84,95,92,79,86,Web Development,Machine Learning,Machine Learning,AI
411,72,58,66,80,98,63,75,91,79,98,86,70,Web Development,Web Development,Data Science,Game Development
412,74,93,60,53,55,92,81,83,80,97,81,96,Cybersecurity,Game Development,Game Development,Web Development
413,58,88,95,81,75,86,91,79,94,88,77,89,Cybersecurity,Cybersecurity,Game Development,Cybersecurity
414,55,96,58,79,79,96,78,94,93,83,71,92,Robotics,Cybersecurity,Data Science,AI
415,59,95,70,55,71,53,96,81,82,92,92,84,Machine Learning,AI,AI,Data Science
416,78,67,52,94,59,53,76,96,85,72,93,82,Machine Learning,Robotics,Web Development,Data Science
417,61,60,79,92,58,87,84,92,94,83,94,73,Machine Learning,Cybersecurity,Cybersecurity,Machine Learning
418,63,58,96,61,71,95,81,97,81,82,94,94,Robotics,Machine Learning,Cybersecurity,Robotics
419,55,78,55,71,88,64,99,75,93,100,81,77,Cybersecurity,Machine Learning,Web Development,Data Science
420,57,69,64,57,77,68,84,72,88,85,93,70,Robotics,Game Development,Web Development,AI
421,90,56,51,79,64,84,91,99,98,76,72,87,Cybersecurity,Game Development,AI,Robotics
422,73,60,63,79,71,85,80,99,77,81,81,81,Game Development,Cybersecurity,Robotics,Machine Learning
423,75,71,93,65,98,76,81,71,84,84,80,82,Data Science,AI,Game Development,Cybersecurity
424,62,69,59,53,64,82,100,75,96,91,88,70,Data Science,Robotics,Data Science,Robotics
425,81,59,100,58,84,67,94,86,74,93,95,92,AI,AI,Data Science,Data Science
426,92,64,55,99,59,80,80,96,82,86,75,80,Data Science,Robotics,Machine Learning,Robotics
427,51,89,73,53,59,96,84,96,87,75,77,93,Machine Learning,Data Science,Web Development,Robotics
428,63,66,95,88,74,65,87,81,100,74,81,78,Machine Learning,Robotics,Web Development,Machine Learning
429,51,81,81,50,69,70,73,77,79,80,82,94,Robotics,Machine Learning,Machine Learning,Machine Learning
430,54,63,53,93,82,86,72,80,100,84,80,85,Cybersecurity,AI,Game Development,Robotics
431,89,98,66,70,75,82,99,94,77,98,98,96,Game Development,Data Science,Data Science,Data Science
432,83,57,71,53,97,98,92,98,98,86,89,81,Data Science,Cybersecurity,Robotics,Game Development
433,71,76,95,67,80,93,83,85,88,70,99,78,Data Science,Game Development,Game Development,Data Science
434,76,96,87,61,84,91,74,83,70,75,77,87,Robotics,Cybersecurity,AI,Game Development
435,92,63,95,82,93,99,75,75,98,72,75,94,Machine Learning,Data Science,Data Science,Game Development
436,59,99,88,93,67,91,77,94,73,91,75,71,Machine Learning,Robotics,AI,AI
437,67,88,50,83,59,65,85,88,89,86,99,82,Data Science,Web Development,Robotics,Robotics
438,66,56,63,57,59,58,82,96,90,99,82,83,Cybersecurity,Web Development,Game Development,Data Science
439,88,59,50,63,54,95,70,80,93,70,70,82,Robotics,Robotics,Game Development,Robotics
440,70,55,58,73,71,90,98,99,91,92,95,97,Robotics,Game Development,Data Science,Robotics
441,91,74,88,67,68,88,84,81,83,80,70,85,Data Science,Cybersecurity,Cybersecurity,Game Development
442,90,55,53,62,63,57,93,90,81,96,91,77,Robotics,Game Development,AI,Cybersecurity
443,73,60,61,92,96,88,87,80,74,77,81,79,Web Development,Robotics,Cybersecurity,Game Development
444,65,62,99,83,71,78,89,74,78,75,96,100,Game Development,Web Development,Cybersecurity,Machine Learning
445,53,58,85,71,68,86,99,75,96,87,82,78,Web Development,Data Science,Game Development,Cybersecurity
446,94,93,86,67,50,95,88,86,93,84,86,99,AI,AI,Web Development,Web Development
447,90,100,67,90,88,72,76,72,85,94,94,86,Data Science,Machine Learning,Web Development,Machine Learning
448,65,95,63,71,61,80,77,86,96,96,90,84,Game Development,AI,Robotics,Data Science
449,89,58,62,96,55,100,96,90,70,90,93,93,Web Development,Web Development,Cybersecurity,Cybersecurity
450,87,81,92,58,82,69,91,91,89,72,78,79,Machine Learning,Cybersecurity,Game Development,Game Development
451,100,73,76,53,69,51,77,89,79,87,100,71,Cybersecurity,AI,Data Science,Robotics
452,69,84,62,51,76,93,77,89,73,96,73,99,AI,Machine Learning,Game Development,Game Development
453,75,79,88,52,99,72,73,73,93,85,87,93,Robotics,Web Development,Data Science,Web Development
454,66,65,81,54,85,66,81,70,79,97,83,88,Cybersecurity,Data Science,Cybersecurity,Cybersecurity
455,66,65,56,53,58,70,77,82,79,96,71,78,AI,Web Development,Robotics,AI
456,92,76,57,89,67,100,93,89,86,86,95,81,Game Development,Robotics,Robotics,Cybersecurity
457,68,85,62,84,64,71,83,98,99,83,87,88,Machine Learning,Game Development,Web Development,AI
458,100,91,93,69,56,69,86,85,100,86,91,95,Web Development,Data Science,Cybersecurity,Web Development
459,50,58,76,94,81,100,93,97,70,98,71,70,Data Science,Data Science,AI,Data Science
460,90,74,54,80,83,83,72,98,71,77,86,95,Game Development,Game Development,Cybersecurity,Web Development
461,95,57,78,89,57,80,100,98,80,82,97,71,Robotics,Game Development,Machine Learning,AI
462,84,96,96,93,91,93,94,78,100,83,82,82,AI,Robotics,Web Development,Game Development
463,86,62,91,63,96,99,85,96,89,73,87,81,Web Development,Game Development,Cybersecurity,Data Science
464,68,59,56,84,53,59,94,89,99,94,89,95,Robotics,Data Science,Robotics,Robotics
465,100,54,60,85,89,88,92,80,100,96,85,81,Robotics,Web Development,Game Development,Robotics
466,58,67,63,65,81,62,92,83,78,94,95,74,Game Development,Robotics,Cybersecurity,Game Development
467,68,84,55,83,78,99,73,80,86,90,96,86,Robotics,Game Development,Game Development,Cybersecurity
468,59,85,66,84,60,72,74,92,75,83,89,70,AI,Web Development,Robotics,Cybersecurity
469,66,88,64,79,54,86,89,89,75,72,75,79,Game Development,AI,Machine Learning,Machine Learning
470,79,86,89,74,89,72,88,71,71,79,86,96,Game Development,AI,Game Development,Web Development
471,91,63,86,69,70,70,86,98,81,74,89,89,Robotics,Cybersecurity,Data Science,Robotics
472,93,59,84,82,74,75,81,73,82,91,83,93,Machine Learning,Machine Learning,Machine Learning,Data Science
473,56,63,92,79,50,89,92,76,88,74,79,76,Data Science,AI,Web Development,Robotics
474,87,97,84,81,84,89,70,85,98,96,81,74,Data Science,AI,Robotics,Data Science
475,64,100,78,68,51,69,70,90,99,94,77,74,Web Development,Cybersecurity,AI,Machine Learning
476,70,72,95,79,89,84,95,98,78,91,85,100,AI,Machine Learning,Cybersecurity,Web Development
477,78,71,92,70,53,61,70,89,80,87,80,83,Web Development,Data Science,Web Development,AI
478,89,93,81,87,65,93,81,84,87,72,73,71,Machine Learning,AI,Game Development,Machine Learning
479,94,58,64,64,69,73,98,76,92,94,74,72,Robotics,Web Development,Robotics,Robotics
480,69,84,60,98,88,94,82,96,75,89,93,79,Machine Learning,AI,Web Development,Machine Learning
481,87,88,66,73,55,70,98,100,97,96,99,91,Robotics,Game Development,Machine Learning,Web Development
482,88,55,85,59,64,88,90,98,91,76,86,98,AI,AI,Game Development,Robotics
483,97,58,88,76,51,66,70,76,97,78,94,78,AI,AI,AI,Cybersecurity
484,97,73,54,89,54,71,99,91,91,75,81,72,Game Development,Data Science,Data Science,Web Development
485,70,83,61,81,59,60,82,87,83,73,99,79,Robotics,Machine Learning,AI,Web Development
486,91,56,57,73,100,68,98,71,100,94,88,73,Game Development,Robotics,Robotics,Robotics
487,91,75,97,64,70,81,90,77,94,100,95,80,Web Development,Cybersecurity,AI,Game Development
488,78,79,92,97,59,74,88,93,84,87,81,82,Machine Learning,Cybersecurity,Robotics,Machine Learning
489,60,98,88,67,81,58,74,77,91,72,90,92,Robotics,AI,AI,Data Science
490,95,70,66,50,74,63,80,100,91,85,71,95,Robotics,Data Science,Data Science,Cybersecurity
491,87,81,57,91,66,73,81,72,94,78,74,75,Cybersecurity,Robotics,AI,Robotics
492,68,51,52,60,56,86,93,97,91,72,94,86,AI,Web Development,Data Science,Data Science
493,76,76,99,63,86,52,72,72,86,99,71,80,Robotics,Web Development,Cybersecurity,Robotics
494,57,91,64,97,94,90,94,78,71,84,95,86,Data Science,Machine Learning,Machine Learning,Web Development
495,99,75,89,65,76,62,86,75,79,98,91,90,AI,Machine Learning,Cybersecurity,Machine Learning
496,51,78,61,65,55,67,94,90,87,81,78,93,Machine Learning,Data Science,AI,Data Science
497,58,59,53,72,64,73,94,70,95,78,97,90,Game Development,Data Science,Game Development,Web Development
498,99,78,79,63,64,78,95,97,87,83,85,81,AI,AI,Web Development,Machine Learning
499,98,56,87,52,100,75,97,100,79,75,71,70,Cybersecurity,AI,Machine Learning,Cybersecurity
500,91,71,87,51,94,68,82,73,86,96,70,81,Robotics,Web Development,AI,Game Development
501,53,51,74,64,51,76,93,84,92,100,78,90,Robotics,Game Development,Cybersecurity,Data Science
502,73,83,100,82,97,58,74,93,89,83,86,88,Robotics,Robotics,Robotics,Game Development
503,52,92,84,77,75,53,74,72,82,78,80,86,Machine Learning,AI,Robotics,Machine Learning
504,75,79,77,62,76,93,78,75,77,75,89,100,Machine Learning,AI,AI,Data Science
505,85,95,53,62,82,97,81,86,93,81,85,93,Web Development,AI,Machine Learning,Machine Learning
506,64,52,81,71,73,53,85,93,79,81,88,85,Data Science,Robotics,Data Science,Machine Learning
507,95,86,67,80,85,69,95,85,95,91,86,95,AI,Machine Learning,Game Development,Robotics
508,70,97,88,66,92,89,75,71,86,100,92,76,Robotics,Game Development,Web Development,Data Science
509,85,85,78,50,79,74,95,87,95,85,97,71,Machine Learning,Cybersecurity,Robotics,AI
510,87,83,75,100,63,84,93,71,78,97,79,88,Machine Learning,Robotics,Data Science,Robotics
511,78,50,91,94,90,85,90,95,87,87,85,79,Game Development,AI,Machine Learning,Data Science
512,96,92,57,76,53,92,83,99,94,88,93,82,Game Development,Data Science,Robotics,Cybersecurity
513,71,96,54,75,84,67,98,91,80,78,89,80,Machine Learning,Cybersecurity,AI,Data Science
514,91,62,95,94,87,97,81,75,86,99,86,90,AI,Web Development,Game Development,Machine Learning
515,86,90,87,51,80,92,75,74,95,96,74,77,Cybersecurity,Web Development,Machine Learning,Cybersecurity
516,91,72,56,67,71,51,72,95,100,92,91,76,Machine Learning,Robotics,Machine Learning,Game Development
517,98,55,67,82,63,98,89,97,70,85,98,81,Game Development,Web Development,Game Development,Data Science
518,76,67,61,97,88,70,83,75,77,93,91,94,Web Development,AI,Web Development,Machine Learning
519,81,82,94,71,93,74,90,78,88,80,87,73,Game Development,AI,Web Development,Data Science
520,63,59,56,87,56,93,79,92,87,77,71,100,Cybersecurity,AI,Robotics,Robotics
521,83,76,53,54,94,89,73,99,99,90,91,83,Web Development,Robotics,Data Science,Robotics
522,97,61,92,99,62,95,89,86,83,93,78,74,Cybersecurity,Game Development,Machine Learning,Robotics
523,54,97,54,81,52,97,91,83,99,100,71,90,Game Development,Machine Learning,Machine Learning,Web Development
524,65,62,56,58,64,69,86,80,97,97,88,94,Game Development,Data Science,Game Development,Machine Learning
525,72,96,61,73,92,98,94,76,75,92,71,91,Cybersecurity,AI,Machine Learning,Robotics
526,65,79,90,100,95,58,94,87,76,73,94,95,Game Development,Web Development,AI,Web Development
527,100,74,93,86,86,96,84,77,90,75,89,74,Web Development,Machine Learning,Web Development,Game Development
528,69,54,55,70,82,56,70,93,83,76,97,80,Cybersecurity,Data Science,Web Development,Machine Learning
529,82,66,69,91,78,56,70,83,74,71,77,87,Cybersecurity,Robotics,Game Development,Cybersecurity
530,69,77,93,57,85,79,94,88,92,86,95,78,Cybersecurity,AI,Cybersecurity,Game Development
531,89,75,83,50,77,63,70,98,88,87,96,98,AI,Robotics,Robotics,Data Science
532,56,55,50,53,54,57,99,86,74,99,86,97,Machine Learning,Data Science,Web Development,Game Development
533,99,56,70,60,67,52,98,77,82,83,95,80,Machine Learning,Cybersecurity,Cybersecurity,Game Development
534,69,68,56,86,58,58,83,84,70,95,75,72,Data Science,Machine Learning,Machine Learning,Data Science
535,76,91,75,60,57,86,86,81,70,79,88,88,Data Science,AI,Robotics,Robotics
536,74,60,67,97,86,78,100,94,76,100,92,88,Cybersecurity,Robotics,Machine Learning,Game Development
537,86,61,68,64,63,73,96,72,88,99,100,89,AI,AI,Robotics,Web Development
538,87,67,63,60,98,74,82,84,78,84,81,88,Machine Learning,Game Development,Machine Learning,Web Development
539,91,69,66,73,56,66,91,100,94,92,78,83,Robotics,Web Development,Data Science,Cybersecurity
540,93,55,99,68,94,95,86,86,99,75,82,82,Data Science,Data Science,Robotics,Cybersecurity
541,80,88,61,71,76,99,99,99,99,98,94,87,Machine Learning,Web Development,AI,Game Development
542,84,75,92,73,79,99,79,81,79,83,83,90,Machine Learning,Robotics,Cybersecurity,Data Science
543,69,65,95,55,63,68,72,86,82,100,95,92,Data Science,Game Development,Cybersecurity,Data Science
544,80,93,89,53,88,75,85,93,79,94,88,91,Game Development,Robotics,Web Development,AI
545,55,50,84,84,53,81,87,81,87,78,95,99,AI,Cybersecurity,Game Development,Cybersecurity
546,59,89,84,89,93,60,95,70,98,73,87,81,Game Development,Cybersecurity,Cybersecurity,Web Development
547,56,74,93,99,94,93,74,94,98,84,76,75,AI,Web Development,Game Development,Cybersecurity
548,55,74,59,52,75,55,84,95,89,100,77,74,Robotics,Data Science,Robotics,AI
549,97,73,69,98,96,58,93,74,92,70,92,97,Machine Learning,Cybersecurity,Web Development,Game Development
550,81,97,63,98,62,87,82,73,90,87,79,88,Robotics,Robotics,AI,Data Science
551,83,93,79,71,54,89,77,89,77,97,89,83,Game Development,Machine Learning,Machine Learning,Data Science
552,100,96,68,93,68,93,76,89,70,73,89,94,AI,Machine Learning,Machine Learning,Data Science
553,77,82,67,60,52,98,76,86,84,92,76,89,Web Development,Robotics,Robotics,Game Development
554,84,54,98,89,79,89,76,79,91,71,78,94,Game Development,Machine Learning,Machine Learning,Machine Learning
555,85,76,95,82,63,80,85,90,92,82,87,70,Machine Learning,Machine Learning,AI,Web Development
556,74,98,62,56,58,66,78,87,82,92,92,89,Data Science,Data Science,Machine Learning,Cybersecurity
557,53,85,61,63,90,57,83,86,89,74,99,81,AI,Machine Learning,Data Science,Cybersecurity
558,83,57,83,98,90,88,84,78,88,74,76,95,Data Science,Robotics,Game Development,Data Science
559,50,95,76,62,88,62,73,85,98,99,93,88,Robotics,Data Science,Data Science,Cybersecurity
560,93,72,50,63,53,58,92,95,71,79,95,95,Cybersecurity,Machine Learning,Machine Learning,Data Science
561,53,85,53,67,97,74,98,82,94,100,83,98,Cybersecurity,Robotics,Web Development,Machine Learning
562,86,93,58,93,62,92,87,70,90,83,95,82,Game Development,Robotics,Data Science,Cybersecurity
563,90,54,75,52,76,82,78,72,90,88,99,99,Game Development,Game Development,Web Development,AI
564,54,62,59,59,99,73,80,85,70,95,75,88,Cybersecurity,Cybersecurity,Game Development,Web Development
565,78,63,70,87,53,91,81,70,76,100,99,96,Robotics,Data Science,Web Development,Web Development
566,65,71,70,60,59,66,97,91,79,80,89,79,Machine Learning,Cybersecurity,Robotics,AI
567,78,55,90,62,72,51,99,76,72,70,71,78,Data Science,AI,Robotics,Machine Learning
568,53,53,91,79,70,77,82,95,98,100,97,96,Data Science,Web Development,Cybersecurity,Data Science
569,100,80,63,60,83,73,84,72,73,92,93,73,AI,Data Science,Game Development,Robotics
570,77,88,81,97,85,75,93,85,95,74,81,81,Web Development,Web Development,Machine Learning,Game Development
571,72,53,67,64,94,72,85,87,100,72,77,70,AI,Web Development,Data Science,Web Development
572,97,83,69,69,99,84,82,89,85,90,84,77,Robotics,Game Development,Game Development,Data Science
573,70,79,91,96,92,83,72,99,85,97,80,90,Game Development,Game Development,Machine Learning,Machine Learning
574,51,85,53,61,66,78,87,94,80,84,96,70,AI,Web Development,Machine Learning,Web Development
575,95,71,97,72,89,87,71,76,83,94,79,86,Robotics,Robotics,Robotics,Game Development
576,57,62,96,77,51,68,79,100,78,91,94,73,Robotics,AI,Data Science,Machine Learning
577,81,81,88,56,56,86,71,88,70,79,99,70,Web Development,Web Development,Cybersecurity,AI
578,97,50,51,56,64,74,88,81,72,93,100,77,Web Development,Data Science,Data Science,Game Development
579,50,90,71,68,78,78,82,96,82,71,89,79,Robotics,Web Development,Machine Learning,Cybersecurity
580,77,69,50,85,85,75,87,89,99,84,88,70,Robotics,Web Development,Game Development,Robotics
581,83,92,74,63,54,63,80,97,75,78,73,72,Web Development,Machine Learning,Web Development,AI
582,64,65,99,91,94,66,96,74,79,92,84,76,Game Development,Machine Learning,Data Science,AI
583,64,53,94,66,53,63,96,92,92,85,70,77,Machine Learning,Robotics,Machine Learning,Game Development
584,74,86,93,83,72,90,99,97,77,83,100,73,Robotics,Web Development,Web Development,Cybersecurity
585,54,57,85,61,57,59,78,92,80,73,95,82,Robotics,Data Science,Cybersecurity,Cybersecurity
586,51,86,50,84,74,94,86,78,91,98,94,80,Data Science,Robotics,Game Development,Data Science
587,84,77,65,94,77,94,71,83,75,82,70,78,Cybersecurity,Data Science,Web Development,Game Development
588,73,63,65,84,72,60,97,91,81,80,88,91,Machine Learning,Data Science,Robotics,Data Science
589,53,73,50,84,74,55,98,86,74,74,70,98,Robotics,Web Development,Web Development,AI
590,56,88,80,68,53,67,81,75,85,92,86,82,AI,Machine Learning,Web Development,AI
591,66,69,58,89,100,93,97,79,94,94,73,82,Machine Learning,Data Science,AI,Web Development
592,74,81,92,81,71,69,81,72,79,92,80,99,Machine Learning,Cybersecurity,Machine Learning,Robotics
593,91,94,97,83,75,54,91,94,91,85,88,80,Data Science,Robotics,Robotics,Web Development
594,88,85,98,73,81,87,72,96,88,83,95,99,Cybersecurity,AI,Web Development,Web Development
595,82,57,96,59,56,93,100,84,88,92,86,84,AI,Game Development,Cybersecurity,AI
596,78,81,71,83,79,60,96,84,75,76,89,81,Machine Learning,Data Science,Robotics,Machine Learning
597,71,99,73,75,100,63,89,72,89,82,90,81,Data Science,Game Development,Machine Learning,AI
598,72,91,62,66,59,83,86,74,88,89,95,73,Web Development,Machine Learning,Data Science,Game Development
599,61,85,90,60,76,93,87,89,87,92,91,82,Robotics,Game Development,AI,AI
600,60,78,60,76,52,58,90,95,74,78,79,89,Machine Learning,Data Science,Cybersecurity,Game Development
601,97,96,57,75,86,81,79,84,88,78,89,90,Robotics,Data Science,Machine Learning,Data Science
602,57,79,82,86,79,75,83,86,77,100,87,93,Cybersecurity,Machine Learning,AI,Game Development
603,64,53,81,86,59,83,75,97,90,99,82,93,Web Development,Cybersecurity,AI,Robotics
604,53,83,59,97,52,66,72,71,89,70,74,99,Machine Learning,Game Development,Cybersecurity,Machine Learning
605,67,91,53,100,55,50,94,72,90,80,72,81,Robotics,Cybersecurity,Web Development,Web Development
606,83,94,88,56,69,62,94,74,71,90,76,97,AI,Cybersecurity,Data Science,Cybersecurity
607,71,55,78,92,72,52,85,98,77,94,98,92,AI,Machine Learning,Web Development,Machine Learning
608,69,81,62,80,78,71,75,96,96,73,79,98,Cybersecurity,AI,Machine Learning,Game Development
609,73,67,65,56,81,81,78,99,94,79,82,94,Data Science,Data Science,Cybersecurity,Web Development
610,65,58,100,64,70,70,73,86,98,92,99,79,Cybersecurity,Web Development,Web Development,Machine Learning
611,90,51,67,100,96,65,86,99,92,90,72,85,Robotics,Data Science,Web Development,AI
612,97,52,72,77,91,60,79,93,91,74,70,78,Web Development,Robotics,Cybersecurity,Web Development
613,100,53,50,80,80,73,76,78,93,75,76,77,Data Science,Web Development,Game Development,Data Science
614,54,87,64,96,73,89,71,99,99,81,97,79,Game Development,AI,Cybersecurity,Game Development
615,98,58,65,93,69,77,80,94,82,97,84,85,Machine Learning,Cybersecurity,AI,Game Development
616,90,94,60,59,79,70,87,99,92,98,75,97,Game Development,Machine Learning,Cybersecurity,Machine Learning
617,68,95,85,84,73,51,96,77,74,80,79,88,Game Development,Game Development,Robotics,Machine Learning
618,55,87,57,57,68,91,85,84,83,93,86,92,Web Development,Robotics,Web Development,AI
619,92,78,68,90,64,61,91,86,93,97,85,73,Machine Learning,Machine Learning,Web Development,Robotics
620,54,96,71,75,65,84,83,73,79,96,72,82,Cybersecurity,Robotics,Web Development,Cybersecurity
621,76,56,99,59,97,58,91,96,80,86,94,100,AI,Cybersecurity,AI,Game Development
622,84,73,62,81,78,77,71,84,95,99,96,74,Data Science,Robotics,Robotics,Data Science
623,64,70,86,85,71,70,72,75,71,83,75,80,Machine Learning,Machine Learning,Machine Learning,Cybersecurity
624,55,74,79,65,93,60,79,92,91,74,90,100,Data Science,Robotics,Cybersecurity,Machine Learning
625,57,91,60,53,77,92,70,81,91,84,86,70,Data Science,Data Science,Game Development,Data Science
626,95,53,83,63,65,71,84,86,80,78,86,83,AI,Cybersecurity,Machine Learning,Cybersecurity
627,58,74,86,75,97,64,75,78,94,79,84,94,AI,AI,Game Development,Cybersecurity
628,71,62,83,80,70,83,76,96,88,100,75,89,AI,Machine Learning,Machine Learning,Machine Learning
629,92,96,85,94,62,84,91,85,77,91,80,71,Cybersecurity,Web Development,Game Development,Machine Learning
630,82,79,62,81,70,81,84,78,85,71,96,96,Web Development,AI,Machine Learning,Game Development
631,56,64,91,67,64,80,96,74,92,85,73,75,Machine Learning,Cybersecurity,Robotics,Machine Learning
632,57,66,86,77,89,71,71,96,72,94,72,74,Machine Learning,Web Development,Robotics,Data Science
633,63,63,84,62,99,92,80,76,89,74,79,78,Data Science,Web Development,Cybersecurity,Data Science
634,69,58,83,63,64,91,89,74,79,84,74,96,Game Development,AI,Robotics,Web Development
635,96,74,85,84,61,51,97,90,70,74,79,74,Machine Learning,Machine Learning,Web Development,Data Science
636,86,57,59,81,80,51,81,81,90,79,90,90,Data Science,Machine Learning,Game Development,Data Science
637,57,80,75,60,90,64,84,86,92,86,71,99,Data Science,AI,Robotics,AI
638,96,76,91,70,52,65,79,87,88,74,81,88,Cybersecurity,Machine Learning,AI,Data Science
639,73,85,99,92,94,58,75,83,80,99,99,92,Robotics,Cybersecurity,Game Development,Data Science
640,67,56,88,59,60,89,91,82,88,77,98,78,Data Science,Game Development,AI,Web Development
641,97,88,64,57,89,59,74,74,70,79,86,94,Data Science,Robotics,Machine Learning,Robotics
642,82,53,53,93,68,85,84,73,73,95,98,91,Web Development,Cybersecurity,Robotics,AI
643,82,53,75,62,63,99,87,87,96,80,88,94,Web Development,AI,Data Science,Machine Learning
644,63,73,63,91,67,57,99,89,79,77,78,81,Data Science,Cybersecurity,AI,AI
645,91,88,55,58,100,57,73,88,71,79,74,99,Data Science,Machine Learning,AI,Web Development
646,94,99,96,50,54,63,82,88,91,81,90,100,Game Development,Game Development,Cybersecurity,Game Development
647,90,53,67,60,86,83,77,81,87,74,70,92,Web Development,AI,AI,Robotics
648,58,64,62,55,72,78,86,85,87,84,99,78,Game Development,Cybersecurity,Web Development,Machine Learning
649,81,67,54,53,51,63,76,76,72,70,77,91,Web Development,Web Development,Robotics,Game Development
650,73,100,81,55,84,59,74,72,94,87,98,74,Robotics,AI,Machine Learning,Web Development
651,69,73,56,97,53,79,90,84,71,89,86,85,Game Development,Machine Learning,Data Science,Machine Learning
652,70,87,97,100,69,90,71,91,78,82,90,85,Game Development,Robotics,AI,Game Development
653,99,82,92,84,59,62,96,77,96,89,98,71,Cybersecurity,Web Development,Cybersecurity,Data Science
654,59,70,74,77,93,71,84,94,87,78,97,74,Cybersecurity,Robotics,Cybersecurity,Machine Learning
655,54,73,75,67,69,91,93,98,74,81,92,79,Robotics,Data Science,AI,Game Development
656,82,61,65,93,62,83,71,90,87,98,88,76,Game Development,Data Science,AI,Machine Learning
657,68,76,98,52,74,75,84,79,98,71,72,90,Data Science,AI,AI,Cybersecurity
658,53,95,89,95,79,90,77,90,99,82,74,70,Data Science,Robotics,Game Development,Game Development
659,95,76,58,57,53,91,71,85,78,71,100,78,Data Science,Game Development,Cybersecurity,Game Development
660,91,75,82,96,50,56,75,70,85,77,73,88,Machine Learning,Game Development,Game Development,Machine Learning
661,85,92,63,56,98,91,90,94,82,79,92,75,Data Science,AI,Robotics,Cybersecurity
662,71,57,67,91,63,76,98,84,76,74,99,95,Game Development,Web Development,AI,Machine Learning
663,60,65,89,82,74,99,78,89,90,95,70,86,Cybersecurity,Robotics,AI,AI
664,99,85,94,73,70,82,88,89,98,71,74,85,Robotics,Machine Learning,Cybersecurity,AI
665,96,80,78,92,56,93,81,92,85,94,73,76,Machine Learning,Robotics,Data Science,Web Development
666,99,84,71,83,59,69,79,74,89,75,98,100,Machine Learning,Game Development,Robotics,Machine Learning
667,59,99,81,55,69,62,72,100,75,78,74,89,Game Development,AI,Machine Learning,AI
668,50,93,94,58,99,97,86,83,77,87,88,81,Machine Learning,Cybersecurity,AI,Machine Learning
669,90,65,99,68,78,84,91,74,76,82,83,73,Machine Learning,Machine Learning,Data Science,Robotics
670,96,60,85,97,100,70,75,96,91,82,100,85,Machine Learning,AI,AI,Machine Learning
671,69,70,52,51,85,65,94,70,98,79,100,96,Cybersecurity,Robotics,Cybersecurity,Web Development
672,87,70,76,99,71,93,73,70,72,76,94,70,Game Development,AI,Robotics,AI
673,56,81,77,68,95,89,74,72,92,85,100,95,Robotics,Cybersecurity,Machine Learning,Robotics
674,78,74,87,92,51,87,84,72,73,71,85,98,Machine Learning,Robotics,Data Science,Data Science
675,76,82,85,50,51,88,88,70,99,72,93,98,AI,Game Development,Web Development,Cybersecurity
676,66,99,58,65,66,84,87,83,93,93,79,95,Web Development,Machine Learning,AI,Data Science
677,71,53,78,52,61,86,92,92,93,88,89,74,Robotics,Data Science,Machine Learning,Game Development
678,91,58,78,92,83,57,84,97,94,93,75,70,Cybersecurity,Data Science,Cybersecurity,Machine Learning
679,65,57,56,82,78,87,85,83,90,91,80,85,AI,Cybersecurity,Data Science,Web Development
680,91,55,96,91,87,92,98,78,98,72,74,79,Data Science,Data Science,Machine Learning,AI
681,71,95,69,88,99,54,94,86,86,76,89,78,AI,Data Science,Cybersecurity,Cybersecurity
682,61,69,100,62,84,74,78,76,98,91,90,98,Game Development,Cybersecurity,AI,Data Science
683,76,89,86,85,65,85,91,85,72,78,89,85,Robotics,Cybersecurity,Web Development,Robotics
684,95,75,54,58,53,69,96,90,82,96,77,94,Data Science,AI,Web Development,Data Science
685,73,98,94,66,70,55,97,78,95,75,83,85,AI,Machine Learning,Robotics,Game Development
686,89,61,82,95,94,82,94,92,84,87,86,74,Game Development,Robotics,Game Development,Web Development
687,73,74,52,81,78,93,83,94,97,97,90,84,Web Development,Robotics,Robotics,Game Development
688,91,66,59,87,56,91,89,82,97,98,77,90,Robotics,Data Science,Robotics,AI
689,76,98,78,56,83,80,72,75,98,86,86,91,AI,Data Science,Web Development,Web Development
690,70,60,54,51,57,57,85,87,95,77,89,84,Robotics,Machine Learning,Web Development,Machine Learning
691,55,82,53,60,55,71,80,93,96,90,94,87,AI,Data Science,Robotics,Game Development
692,67,60,77,65,61,64,75,93,82,94,94,91,Cybersecurity,Data Science,Data Science,AI
693,59,73,81,92,97,73,80,93,94,73,85,92,Cybersecurity,Data Science,Cybersecurity,Web Development
694,67,53,91,61,87,79,92,75,97,81,71,84,Cybersecurity,Machine Learning,Game Development,Machine Learning
695,53,72,100,61,66,80,88,77,85,86,96,79,AI,Cybersecurity,Cybersecurity,Machine Learning
696,67,70,78,78,95,79,91,72,83,78,73,76,Machine Learning,Web Development,Data Science,Web Development
697,64,71,81,72,73,52,94,80,89,72,89,79,Machine Learning,Web Development,Cybersecurity,Cybersecurity
698,69,50,94,59,100,59,88,87,97,85,79,87,Web Development,Web Development,Game Development,Cybersecurity
699,97,93,80,55,86,80,86,85,100,97,74,80,Cybersecurity,Web Development,Robotics,Data Science
700,62,71,68,77,68,54,81,88,97,100,94,99,Data Science,Machine Learning,AI,AI
701,73,62,73,66,98,73,80,100,96,91,93,91,Game Development,Game Development,Data Science,AI
702,50,70,83,53,50,66,73,83,88,70,76,70,Game Development,Web Development,AI,Machine Learning
703,90,86,68,59,53,54,92,100,74,73,70,76,Web Development,Robotics,Game Development,Game Development
704,62,96,98,80,99,66,89,80,78,85,79,92,Cybersecurity,AI,Machine Learning,Game Development
705,57,57,59,77,79,69,100,70,83,93,91,89,Game Development,Data Science,Game Development,Cybersecurity
706,84,51,55,92,83,98,72,71,95,93,73,99,Cybersecurity,AI,Data Science,Game Development
707,62,55,81,76,61,52,94,74,73,92,89,72,AI,Machine Learning,Data Science,AI
708,96,99,50,98,77,81,93,78,100,91,77,84,Robotics,AI,Web Development,Robotics
709,84,68,51,81,84,92,85,91,92,89,75,70,Data Science,Machine Learning,Cybersecurity,Cybersecurity
710,63,73,90,71,70,62,81,97,88,78,70,77,Robotics,Machine Learning,Data Science,AI
711,59,84,85,83,65,69,96,96,73,77,70,98,Data Science,Data Science,Robotics,Machine Learning
712,77,74,62,79,70,95,70,87,99,81,72,89,Game Development,Robotics,Machine Learning,Game Development
713,75,98,73,60,69,71,97,78,96,81,96,76,Cybersecurity,Data Science,Game Development,Robotics
714,55,62,64,60,93,56,93,73,84,79,99,95,Web Development,AI,Machine Learning,Game Development
715,81,54,54,77,58,81,96,79,70,95,78,99,Cybersecurity,Data Science,Data Science,Game Development
716,97,88,73,88,93,72,92,90,88,82,70,78,Machine Learning,AI,Machine Learning,Data Science
717,92,59,78,90,68,62,94,76,80,89,77,96,Web Development,Web Development,Game Development,AI
718,93,79,77,78,78,78,76,95,94,78,87,82,Web Development,Web Development,Game Development,Web Development
719,70,83,56,96,100,82,95,80,74,81,90,73,Robotics,Robotics,Web Development,Data Science
720,66,78,95,66,96,90,80,80,90,92,70,80,Web Development,Data Science,Cybersecurity,Robotics
721,72,70,51,75,63,86,87,92,79,95,92,70,Robotics,Data Science,Robotics,Data Science
722,63,84,66,71,60,93,80,71,78,78,77,90,Machine Learning,Cybersecurity,Machine Learning,Cybersecurity
723,77,58,87,81,58,66,95,71,98,77,99,100,Game Development,Web Development,Machine Learning,AI
724,76,82,74,62,58,56,77,94,76,70,75,78,Robotics,Web Development,AI,Data Science
725,73,82,74,62,67,52,82,82,84,82,95,91,Cybersecurity,Cybersecurity,Data Science,Web Development
726,78,82,75,54,51,81,77,71,77,77,80,94,Game Development,Machine Learning,Game Development,Web Development
727,83,63,58,84,57,52,93,90,80,83,95,92,Data Science,Web Development,Robotics,Cybersecurity
728,70,99,81,63,52,53,99,95,76,92,75,91,Data Science,Web Development,Web Development,AI
729,76,68,91,52,94,97,91,70,78,70,100,80,Robotics,AI,AI,AI
730,63,99,71,57,89,70,85,83,71,77,94,72,Cybersecurity,Machine Learning,Cybersecurity,Machine Learning
731,81,100,54,62,90,84,77,94,99,99,95,100,Cybersecurity,Web Development,Data Science,Cybersecurity
732,66,83,67,55,72,53,81,80,83,92,76,96,Cybersecurity,Web Development,Machine Learning,Cybersecurity
733,68,97,55,88,59,71,70,86,80,84,90,86,Robotics,Cybersecurity,Game Development,Machine Learning
734,72,66,89,96,55,87,70,93,85,93,89,89,Cybersecurity,Machine Learning,AI,Cybersecurity
735,99,86,82,91,62,65,72,95,88,97,100,77,Machine Learning,AI,Data Science,Robotics
736,70,97,64,88,91,83,99,76,70,86,95,84,Robotics,AI,Robotics,Cybersecurity
737,95,87,93,91,71,63,73,97,90,99,75,81,Machine Learning,AI,Robotics,Cybersecurity
738,57,71,50,92,79,55,88,77,80,74,71,98,AI,AI,Robotics,Cybersecurity
739,72,60,98,77,84,96,83,82,86,98,96,83,Web Development,Robotics,Web Development,Web Development
740,67,52,74,94,67,57,87,87,77,86,94,97,Machine Learning,Web Development,Data Science,Data Science
741,70,56,67,60,76,89,93,89,99,74,97,88,Data Science,Game Development,Robotics,Web Development
742,74,95,87,69,82,92,70,93,77,94,92,79,Web Development,Robotics,Data Science,Machine Learning
743,58,91,66,69,63,60,97,75,96,81,72,71,Data Science,Data Science,Robotics,Machine Learning
744,59,95,73,87,98,91,77,91,90,76,97,70,Cybersecurity,Cybersecurity,Web Development,Machine Learning
745,55,81,55,66,100,98,81,77,71,88,71,97,Game Development,Web Development,Robotics,Robotics
746,72,64,53,86,64,57,73,100,87,84,70,86,Machine Learning,Cybersecurity,Data Science,Data Science
747,97,71,75,58,80,98,83,88,84,78,73,95,Robotics,Cybersecurity,Web Development,Machine Learning
748,91,55,73,98,65,69,95,71,71,88,76,83,Game Development,Robotics,Web Development,Web Development
749,64,74,86,66,91,99,80,75,92,74,73,73,Game Development,Data Science,Cybersecurity,Web Development
750,67,59,96,50,96,90,92,83,89,85,99,85,Game Development,Machine Learning,Cybersecurity,Game Development
751,67,67,77,84,70,68,79,72,71,82,96,82,Robotics,Robotics,Data Science,Game Development
752,82,97,94,80,68,68,70,94,97,76,98,72,Robotics,Robotics,AI,Machine Learning
753,60,97,68,80,99,53,83,91,87,89,99,91,Cybersecurity,Cybersecurity,Cybersecurity,Machine Learning
754,80,93,90,60,60,84,84,88,96,70,72,82,Cybersecurity,Game Development,Robotics,Web Development
755,83,79,58,67,81,80,76,75,84,97,93,84,Data Science,Cybersecurity,Data Science,Data Science
756,78,81,64,70,52,84,75,70,78,95,79,94,Web Development,Game Development,Cybersecurity,Machine Learning
757,54,80,89,92,76,59,79,85,84,88,94,95,Robotics,Web Development,Web Development,AI
758,98,89,57,90,90,96,82,73,85,95,89,94,AI,AI,Data Science,Robotics
759,65,56,78,58,63,54,91,83,78,73,76,92,Robotics,Machine Learning,Game Development,Cybersecurity
760,60,75,82,56,83,81,100,70,100,71,96,90,Machine Learning,Game Development,Game Development,Machine Learning
761,99,90,97,73,84,90,76,85,86,76,72,75,Machine Learning,Data Science,AI,AI
762,71,78,82,62,85,59,90,77,90,87,85,78,Data Science,Game Development,Data Science,Data Science
763,100,96,91,74,99,100,83,81,79,86,97,80,Cybersecurity,AI,Cybersecurity,Machine Learning
764,94,73,84,96,70,96,72,98,71,77,78,80,AI,Cybersecurity,Data Science,Robotics
765,64,95,85,86,89,60,97,96,93,91,84,76,Data Science,Game Development,Robotics,Data Science
766,77,54,54,69,70,50,93,86,96,82,89,82,Data Science,Cybersecurity,AI,Cybersecurity
767,87,91,77,50,55,79,91,73,93,80,76,97,Game Development,Machine Learning,Web Development,Robotics
768,68,52,70,72,87,93,86,98,95,70,92,88,Cybersecurity,Robotics,Game Development,Data Science
769,86,50,59,99,96,97,83,77,86,90,91,80,Web Development,Machine Learning,Cybersecurity,Robotics
770,73,66,81,83,59,83,78,71,100,99,82,73,AI,Robotics,Cybersecurity,Cybersecurity
771,94,83,74,58,91,61,98,76,89,99,96,88,Robotics,Game Development,Game Development,Data Science
772,92,76,55,82,92,83,92,75,98,85,76,78,Robotics,Data Science,Robotics,Cybersecurity
773,65,57,64,100,88,76,73,74,80,87,77,92,Web Development,Robotics,Robotics,Web Development
774,68,51,63,74,100,66,82,72,84,74,88,93,Web Development,Cybersecurity,AI,Data Science
775,90,61,80,92,84,61,82,100,78,84,99,88,Web Development,Robotics,Cybersecurity,Machine Learning
776,70,90,67,83,98,99,70,98,80,85,77,99,Web Development,Web Development,Cybersecurity,Data Science
777,54,82,75,78,66,59,96,91,87,76,95,100,AI,Game Development,AI,Cybersecurity
778,86,76,91,52,51,73,94,91,87,95,100,94,Game Development,Game Development,Web Development,Web Development
779,80,79,86,56,91,94,91,99,90,98,74,97,Web Development,Machine Learning,Game Development,AI
780,58,65,94,91,84,59,95,88,98,84,72,71,Machine Learning,Cybersecurity,Machine Learning,AI
781,65,80,83,80,92,69,87,90,70,81,94,75,Cybersecurity,Data Science,Cybersecurity,Game Development
782,70,51,55,78,96,63,89,89,83,100,90,84,Cybersecurity,Data Science,Web Development,Robotics
783,68,55,67,96,70,93,80,97,70,98,77,74,Web Development,Web Development,Cybersecurity,Game Development
784,50,89,92,75,88,93,71,85,76,81,70,73,Machine Learning,Game Development,Robotics,Robotics
785,93,83,85,73,64,81,85,99,75,77,89,100,Data Science,Data Science,Machine Learning,Cybersecurity
786,97,57,96,80,89,95,82,83,71,89,96,91,Machine Learning,AI,Web Development,Machine Learning
787,68,92,94,56,96,52,82,87,71,85,94,79,AI,AI,AI,Game Development
788,68,69,66,74,96,83,76,73,86,96,91,97,Game Development,Web Development,AI,AI
789,77,79,81,84,53,88,98,84,100,88,81,90,Data Science,Web Development,AI,Web Development
790,55,54,75,50,88,95,95,97,89,74,78,75,Machine Learning,Cybersecurity,Machine Learning,Machine Learning
791,80,88,53,56,83,51,95,91,70,87,78,99,AI,Data Science,Game Development,Web Development
792,73,77,50,81,53,95,70,76,73,76,98,90,Machine Learning,AI,AI,Robotics
793,60,92,64,63,52,90,87,75,86,85,84,99,Web Development,Game Development,Game Development,Robotics
794,69,61,50,89,64,73,95,71,78,70,80,83,Robotics,Machine Learning,Data Science,Robotics
795,56,92,54,61,86,97,80,90,93,92,71,93,Robotics,Data Science,Machine Learning,Machine Learning
796,89,91,79,79,65,59,71,80,81,70,86,95,Machine Learning,AI,Game Development,Robotics
797,74,78,77,81,70,64,71,94,72,92,98,89,Machine Learning,Web Development,Cybersecurity,Web Development
798,70,77,81,79,80,62,86,93,76,97,74,84,Machine Learning,Web Development,Game Development,AI
799,90,85,53,51,95,81,95,96,89,78,82,75,Data Science,Game Development,Robotics,Robotics
800,90,83,69,74,73,61,74,83,73,87,85,80,Machine Learning,Game Development,Data Science,Data Science
801,70,56,78,73,78,83,100,86,82,98,98,87,Web Development,Data Science,Machine Learning,Cybersecurity
802,67,69,94,69,50,82,81,96,98,97,84,99,Web Development,Robotics,Game Development,Game Development
803,50,65,93,94,67,51,85,80,97,90,88,99,Cybersecurity,Machine Learning,Robotics,Game Development
804,76,68,99,54,99,55,88,77,72,76,89,82,Game Development,Data Science,Cybersecurity,Game Development
805,56,54,100,81,51,55,89,74,72,89,92,74,Web Development,Data Science,Data Science,Robotics
806,87,74,82,91,59,89,72,90,78,71,79,73,Data Science,Machine Learning,Cybersecurity,Game Development
807,80,65,58,97,71,72,98,79,82,86,76,80,Data Science,Robotics,Robotics,Robotics
808,80,77,67,92,64,54,81,96,92,79,74,84,Data Science,Web Development,Data Science,Robotics
809,52,52,73,74,80,65,96,86,77,98,100,98,Game Development,Web Development,Web Development,Robotics
810,77,50,68,66,81,82,88,81,79,85,74,77,AI,Data Science,Data Science,Game Development
811,59,76,96,56,80,90,87,88,78,82,86,95,Robotics,Game Development,Data Science,Cybersecurity
812,66,80,68,78,85,84,72,74,95,100,70,81,Web Development,Game Development,Game Development,Web Development
813,97,54,72,50,59,68,93,98,97,80,75,81,AI,Web Development,Web Development,AI
814,55,71,65,86,74,99,86,81,80,92,75,93,Cybersecurity,Cybersecurity,Robotics,Data Science
815,56,64,66,55,70,78,71,97,94,94,79,97,AI,Game Development,Cybersecurity,Robotics
816,52,90,56,79,62,54,88,72,98,82,91,89,Web Development,AI,Data Science,Cybersecurity
817,82,72,67,56,94,64,77,83,72,74,91,74,Web Development,Machine Learning,Data Science,AI
818,57,73,84,88,86,73,78,79,70,80,76,82,Web Development,Game Development,Robotics,Robotics
819,87,90,87,66,90,84,85,96,75,98,88,81,Game Development,Web Development,Cybersecurity,Web Development
820,63,78,84,93,53,96,80,74,100,87,94,74,Data Science,Web Development,Machine Learning,Robotics
821,79,50,62,83,71,99,96,80,71,98,99,88,AI,Game Development,AI,Game Development
822,74,87,79,54,95,72,91,91,74,88,100,97,Data Science,Data Science,Machine Learning,Robotics
823,79,58,91,65,54,83,78,75,85,70,100,89,Game Development,Web Development,Cybersecurity,Game Development
824,79,87,86,78,86,53,93,73,77,70,85,95,Robotics,AI,Cybersecurity,Machine Learning
825,75,57,68,68,86,62,98,92,89,79,70,75,Web Development,Web Development,AI,Robotics
826,63,84,97,76,53,73,89,85,96,84,73,93,Web Development,AI,Robotics,Web Development
827,87,76,56,72,88,73,93,97,100,78,86,78,Machine Learning,Cybersecurity,Robotics,Machine Learning
828,86,60,72,93,82,62,75,81,79,99,90,81,Cybersecurity,Data Science,Cybersecurity,Web Development
829,97,51,93,81,91,77,70,71,93,74,93,100,Cybersecurity,AI,Game Development,AI
830,92,82,83,62,93,80,79,91,84,74,85,81,AI,Cybersecurity,Robotics,AI
831,78,99,69,90,66,95,94,81,98,74,96,81,Game Development,AI,Cybersecurity,Data Science
832,96,60,54,87,88,59,96,70,82,83,76,93,Web Development,Machine Learning,Machine Learning,Web Development
833,91,51,57,86,83,57,85,85,74,81,74,76,AI,Machine Learning,Web Development,Game Development
834,82,51,89,84,79,83,96,92,96,88,85,77,Cybersecurity,Web Development,AI,Game Development
835,94,85,62,84,97,58,80,83,100,85,95,94,Web Development,Web Development,Web Development,Web Development
836,90,55,70,88,99,67,90,92,84,100,91,84,Data Science,Game Development,Web Development,Cybersecurity
837,75,61,93,69,71,89,85,77,87,86,80,70,Cybersecurity,AI,Game Development,Robotics
838,74,50,90,83,90,82,100,84,88,79,73,75,Machine Learning,Machine Learning,Game Development,Game Development
839,72,52,76,56,76,62,79,91,71,72,85,90,AI,Web Development,AI,Web Development
840,96,50,63,63,77,64,74,72,90,80,93,78,Data Science,AI,AI,Robotics
841,70,86,86,63,83,83,77,70,87,97,74,77,AI,Game Development,Machine Learning,Game Development
842,75,66,69,61,69,92,72,89,88,87,76,71,Data Science,Cybersecurity,Data Science,Game Development
843,75,65,81,82,78,84,95,99,90,84,74,71,Machine Learning,Web Development,Robotics,Machine Learning
844,86,82,78,88,70,62,81,77,89,94,90,81,Web Development,AI,AI,Data Science
845,67,70,81,66,73,59,75,92,97,79,73,93,Cybersecurity,Robotics,Data Science,Robotics
846,92,88,97,81,89,93,86,94,97,85,99,81,AI,Data Science,Web Development,Robotics
847,85,51,93,55,62,52,74,89,84,79,81,73,Data Science,Game Development,Game Development,AI
848,57,68,65,74,83,76,82,90,76,99,84,100,Game Development,Cybersecurity,AI,Cybersecurity
849,80,97,83,73,64,69,71,93,70,83,100,76,Web Development,Machine Learning,Robotics,Game Development
850,79,80,70,98,65,67,94,84,70,96,98,86,Cybersecurity,Cybersecurity,Data Science,Data Science
851,99,58,97,91,93,52,100,82,71,79,98,83,Web Development,AI,Web Development,Machine Learning
852,54,58,92,65,62,61,71,91,75,79,92,87,AI,Data Science,Cybersecurity,Game Development
853,51,63,92,51,88,85,90,83,98,95,96,89,AI,Data Science,Web Development,Machine Learning
854,63,58,93,74,53,93,98,90,79,70,87,78,Data Science,Robotics,Data Science,AI
855,82,71,92,64,62,93,95,82,97,85,86,94,Robotics,Data Science,Data Science,Machine Learning
856,100,82,56,85,95,85,81,81,78,76,77,90,Data Science,Robotics,Web Development,Web Development
857,94,88,81,57,98,69,83,76,74,96,77,94,Game Development,Web Development,Data Science,Cybersecurity
858,66,68,66,64,66,73,76,85,78,92,89,99,AI,Game Development,Data Science,Machine Learning
859,53,82,50,79,86,99,72,74,83,71,93,80,Data Science,Web Development,Game Development,Data Science
860,61,58,74,100,100,50,71,90,96,89,80,99,Data Science,AI,Machine Learning,Machine Learning
861,70,94,57,97,65,80,79,88,85,89,80,97,Data Science,Cybersecurity,Cybersecurity,Data Science
862,80,61,77,75,88,52,76,93,95,76,89,77,Web Development,Machine Learning,Game Development,Cybersecurity
863,77,78,75,73,80,74,85,72,80,79,89,73,Game Development,Robotics,AI,Game Development
864,81,60,77,71,97,58,89,85,94,91,72,79,Cybersecurity,Cybersecurity,Robotics,AI
865,88,55,97,64,69,62,70,85,95,86,70,74,Web Development,Machine Learning,AI,Cybersecurity
866,72,54,94,90,86,75,99,93,85,100,75,72,Web Development,Cybersecurity,Web Development,Game Development
867,77,56,89,64,87,51,85,73,70,83,90,77,Cybersecurity,Machine Learning,Robotics,Cybersecurity
868,87,53,75,76,60,83,95,77,89,90,73,79,Machine Learning,AI,Web Development,Game Development
869,68,51,97,51,92,56,77,86,74,87,89,73,Machine Learning,AI,Cybersecurity,Data Science
870,54,94,56,88,90,81,73,71,92,80,80,90,Web Development,Data Science,Machine Learning,Web Development
871,100,74,75,61,80,87,85,70,90,76,99,89,Data Science,Web Development,Game Development,Data Science
872,70,57,72,51,99,87,83,98,70,91,78,93,Machine Learning,Game Development,AI,Cybersecurity
873,81,100,78,71,59,83,80,98,83,92,73,90,Data Science,Machine Learning,Machine Learning,Web Development
874,94,70,91,78,50,55,73,71,83,89,78,73,Robotics,Machine Learning,Machine Learning,Machine Learning
875,87,96,73,66,69,86,80,72,81,79,91,97,Robotics,Data Science,Data Science,Web Development
876,94,97,77,69,69,100,96,92,99,78,70,70,Machine Learning,Data Science,Game Development,Robotics
877,95,50,93,80,75,97,91,91,91,95,83,97,Robotics,Machine Learning,Cybersecurity,Data Science
878,72,94,89,93,83,70,84,96,83,77,71,91,Robotics,Web Development,Web Development,Data Science
879,88,61,92,53,90,93,99,81,97,94,97,91,AI,Game Development,Cybersecurity,Cybersecurity
880,85,90,62,94,97,79,86,72,99,81,77,94,AI,Cybersecurity,Cybersecurity,AI
881,62,54,88,96,59,76,79,75,87,88,76,77,Game Development,Machine Learning,AI,Web Development
882,81,94,83,96,94,88,83,92,73,97,72,79,Cybersecurity,Cybersecurity,Web Development,Web Development
883,81,87,76,62,86,54,93,76,80,87,89,92,Robotics,Machine Learning,Game Development,Web Development
884,82,83,97,59,93,99,95,79,88,72,90,79,AI,Robotics,Web Development,AI
885,67,66,56,61,66,88,78,91,90,82,71,94,Cybersecurity,Robotics,Game Development,AI
886,76,96,61,51,95,93,94,70,76,92,98,89,Robotics,Game Development,Data Science,Robotics
887,50,88,65,67,53,76,98,80,88,90,74,94,Robotics,AI,Cybersecurity,AI
888,64,67,63,81,95,96,81,92,84,74,83,76,Robotics,AI,Web Development,Data Science
889,62,96,53,99,98,55,84,76,87,75,83,97,Game Development,Cybersecurity,Machine Learning,Game Development
890,84,92,54,72,85,78,74,93,95,74,71,89,Cybersecurity,Web Development,Data Science,Game Development
891,99,92,81,93,62,86,82,93,95,77,70,78,Web Development,Robotics,AI,Data Science
892,58,76,71,96,56,52,98,100,73,77,77,96,Data Science,Game Development,Web Development,Game Development
893,87,57,80,58,68,88,74,85,86,88,87,80,Cybersecurity,Cybersecurity,Cybersecurity,Game Development
894,97,60,58,50,61,86,93,89,87,85,77,77,Robotics,Cybersecurity,Cybersecurity,Cybersecurity
895,99,69,88,79,81,91,87,80,94,80,93,95,Web Development,Robotics,Game Development,AI
896,73,68,73,66,51,51,78,87,92,85,95,97,Game Development,Data Science,Web Development,Cybersecurity
897,76,99,70,78,64,92,92,83,99,99,90,87,AI,AI,Robotics,Robotics
898,55,50,76,68,58,94,98,81,96,86,84,98,Web Development,Cybersecurity,Data Science,Cybersecurity
899,67,78,86,93,79,70,74,71,76,85,88,96,Cybersecurity,Data Science,Machine Learning,Robotics
900,57,96,69,94,68,80,74,78,86,98,85,86,Robotics,Game Development,Cybersecurity,Game Development
901,57,85,59,67,68,78,95,92,100,100,90,87,Web Development,Data Science,Web Development,Data Science
902,82,64,60,89,83,92,74,78,72,88,96,98,AI,AI,Robotics,Cybersecurity
903,57,86,91,78,82,70,100,76,100,71,70,74,AI,Machine Learning,Data Science,Web Development
904,86,96,64,95,55,59,82,100,81,93,76,83,Data Science,Data Science,Data Science,Machine Learning
905,74,60,70,74,84,59,89,83,80,96,93,88,Machine Learning,AI,Data Science,Game Development
906,64,77,91,86,97,99,96,96,99,78,90,74,Machine Learning,Game Development,AI,Robotics
907,77,50,93,97,100,66,84,77,90,74,86,79,Game Development,Data Science,Machine Learning,AI
908,63,51,84,65,53,51,87,94,78,79,88,80,Data Science,Cybersecurity,Cybersecurity,Game Development
909,73,70,52,51,80,64,96,85,96,72,73,80,Machine Learning,Game Development,AI,Web Development
910,77,80,87,77,50,76,77,81,96,100,89,94,Web Development,Cybersecurity,AI,Cybersecurity
911,88,90,90,70,72,73,95,75,88,94,92,71,Machine Learning,Robotics,Machine Learning,Data Science
912,68,53,73,55,83,71,81,93,90,83,79,78,Robotics,Game Development,Game Development,Web Development
913,90,71,90,88,98,67,99,80,99,88,71,91,AI,Web Development,Game Development,Cybersecurity
914,86,63,82,53,56,89,92,85,70,86,94,78,AI,Robotics,Cybersecurity,Robotics
915,66,58,50,91,89,69,74,91,88,71,97,76,Cybersecurity,Data Science,Machine Learning,Robotics
916,90,61,66,58,91,73,95,100,73,87,77,100,Cybersecurity,Web Development,Web Development,AI
917,66,89,54,56,70,97,83,98,70,75,98,78,Cybersecurity,Robotics,Game Development,Cybersecurity
918,86,85,50,73,83,69,80,81,82,78,86,76,Machine Learning,Cybersecurity,AI,Game Development
919,62,70,81,69,96,70,80,80,89,72,83,88,AI,Cybersecurity,AI,Machine Learning
920,55,83,61,98,61,53,98,98,72,90,78,76,Robotics,Web Development,Machine Learning,Machine Learning
921,51,58,77,54,71,100,75,84,95,80,89,72,Robotics,Web Development,AI,AI
922,53,85,73,95,73,96,95,96,78,79,75,98,Web Development,Data Science,Data Science,Data Science
923,75,58,77,90,76,55,94,91,80,77,96,72,Game Development,Game Development,Robotics,Robotics
924,95,80,98,99,98,87,76,77,77,92,91,74,Web Development,Machine Learning,Web Development,Game Development
925,85,54,84,95,78,84,87,83,84,96,87,95,Data Science,AI,AI,Machine Learning
926,77,85,83,62,70,61,80,72,83,71,97,100,Game Development,Game Development,Web Development,AI
927,62,78,95,70,63,57,96,75,91,85,72,77,Robotics,Robotics,Robotics,Robotics
928,92,100,71,50,100,80,72,70,73,76,89,76,Web Development,Game Development,Robotics,Game Development
929,62,54,93,89,66,89,86,73,84,74,100,99,Game Development,Robotics,Machine Learning,Cybersecurity
930,59,91,85,88,51,87,92,71,100,95,90,83,Data Science,Data Science,Game Development,Game Development
931,99,84,55,59,59,69,74,74,72,97,74,94,Web Development,AI,Web Development,Data Science
932,72,56,54,88,63,90,93,100,72,80,89,96,AI,AI,Cybersecurity,Machine Learning
933,71,58,88,53,70,79,78,77,78,87,84,72,Machine Learning,Web Development,Game Development,Data Science
934,80,62,67,96,50,93,79,100,77,76,85,94,Machine Learning,Robotics,Robotics,Machine Learning
935,93,98,87,60,79,90,81,83,87,89,70,89,Cybersecurity,Cybersecurity,Data Science,Cybersecurity
936,69,95,67,86,64,74,92,87,93,94,88,98,Web Development,Data Science,Game Development,Machine Learning
937,63,79,69,72,56,68,75,100,76,76,79,72,Web Development,Robotics,Game Development,Web Development
938,84,58,58,74,96,78,70,95,97,74,81,83,Machine Learning,Machine Learning,Cybersecurity,Cybersecurity
939,57,53,63,68,64,57,94,95,90,99,71,80,AI,Data Science,Game Development,Machine Learning
940,89,62,81,99,55,80,83,96,82,90,79,87,Data Science,Machine Learning,Data Science,Web Development
941,78,94,100,72,79,50,81,94,80,76,93,91,Web Development,Game Development,Cybersecurity,Robotics
942,95,94,74,66,68,68,73,91,84,78,76,89,Robotics,Cybersecurity,Game Development,AI
943,86,57,100,73,76,83,96,99,100,74,93,79,AI,Cybersecurity,Game Development,Data Science
944,91,54,82,67,65,59,87,87,94,74,76,80,Game Development,Machine Learning,Cybersecurity,Game Development
945,92,82,79,97,81,53,97,78,71,92,85,80,Data Science,Data Science,Cybersecurity,Machine Learning
946,74,52,98,67,63,71,72,71,93,78,77,84,Game Development,Web Development,Robotics,Web Development
947,62,59,80,69,91,58,98,88,98,96,80,86,Game Development,AI,Web Development,Web Development
948,81,77,60,86,85,93,90,77,96,98,90,81,Machine Learning,Game Development,Web Development,Machine Learning
949,87,63,95,100,92,80,92,94,98,70,86,93,Machine Learning,Web Development,AI,AI
950,81,58,71,57,63,87,86,100,89,99,78,87,AI,AI,Game Development,Robotics
951,67,61,58,85,77,65,89,91,81,92,90,100,Cybersecurity,Cybersecurity,Robotics,Game Development
952,76,54,73,92,73,88,79,94,92,71,88,74,Data Science,AI,Game Development,Data Science
953,54,76,84,85,57,78,70,92,98,100,75,89,AI,Data Science,Data Science,Data Science
954,100,69,82,98,85,50,94,79,89,93,81,71,Machine Learning,Web Development,Machine Learning,Game Development
955,82,81,70,77,79,71,88,78,79,84,89,89,Robotics,Web Development,AI,Machine Learning
956,50,89,64,65,63,95,84,70,98,100,98,92,Data Science,AI,Web Development,AI
957,91,88,60,63,62,79,81,87,78,97,75,94,Robotics,Game Development,Cybersecurity,Web Development
958,91,99,57,51,62,52,70,97,85,78,97,94,AI,Web Development,Web Development,Machine Learning
959,59,63,65,79,52,56,70,90,97,89,71,92,Cybersecurity,Game Development,Cybersecurity,Data Science
960,87,80,59,86,90,95,82,91,72,79,92,93,Data Science,Machine Learning,Machine Learning,Game Development
961,63,77,71,54,53,61,94,98,86,78,89,72,AI,Robotics,Data Science,Data Science
962,58,71,93,81,80,58,86,95,72,87,92,77,AI,Game Development,Game Development,Web Development
963,54,58,82,83,77,73,100,91,83,95,84,82,Cybersecurity,Web Development,Web Development,Web Development
964,69,85,99,99,99,77,97,95,93,90,71,83,Machine Learning,Game Development,Web Development,Game Development
965,54,98,63,82,73,95,73,70,78,86,70,75,Game Development,AI,AI,Data Science
966,58,89,63,80,86,68,89,94,100,99,86,97,Cybersecurity,AI,Web Development,Robotics
967,91,86,90,53,85,75,93,88,70,77,91,82,AI,Machine Learning,AI,AI
968,81,64,96,93,67,73,78,74,92,93,74,74,Web Development,Robotics,Game Development,Data Science
969,57,55,73,81,51,82,86,84,75,78,86,88,Robotics,Robotics,Web Development,Machine Learning
970,97,84,86,79,85,93,70,70,76,92,82,73,Data Science,Web Development,Robotics,Robotics
971,89,56,94,82,89,55,93,73,70,78,92,70,Web Development,Cybersecurity,Cybersecurity,Game Development
972,100,58,92,78,60,79,85,71,71,74,71,100,Web Development,Data Science,Data Science,Data Science
973,74,69,57,97,52,84,97,78,88,90,74,100,Cybersecurity,Web Development,Machine Learning,AI
974,77,69,55,54,59,55,97,89,71,73,85,76,Data Science,Game Development,AI,Machine Learning
975,76,60,94,56,100,93,77,86,87,76,83,95,Game Development,Game Development,Cybersecurity,Data Science
976,60,51,92,74,62,90,83,94,99,91,72,72,Game Development,AI,Machine Learning,Data Science
977,87,69,90,97,95,51,76,70,79,79,89,76,Robotics,AI,Data Science,AI
978,51,56,57,74,66,62,84,93,86,86,75,77,Data Science,Game Development,Robotics,Machine Learning
979,99,94,78,59,72,70,93,75,70,71,76,82,Web Development,Robotics,AI,Web Development
980,69,62,81,85,69,86,97,85,88,80,71,74,Machine Learning,Game Development,Web Development,Robotics
981,90,96,64,64,66,50,90,99,89,92,78,85,AI,AI,Cybersecurity,Robotics
982,85,68,50,67,52,76,74,72,76,90,81,89,Game Development,Game Development,Data Science,AI
983,91,96,97,58,69,81,100,91,93,97,73,72,Cybersecurity,Data Science,Data Science,Game Development
984,91,88,89,93,60,65,80,70,96,71,99,100,Data Science,Robotics,Cybersecurity,Web Development
985,60,65,62,68,54,51,93,89,93,78,99,70,Robotics,Web Development,Data Science,AI
986,54,52,54,62,99,53,76,82,87,89,91,89,Game Development,Cybersecurity,Data Science,AI
987,94,86,99,97,51,73,96,72,71,71,76,84,Cybersecurity,Robotics,Machine Learning,Robotics
988,56,97,58,87,90,97,71,89,83,87,94,71,AI,AI,Cybersecurity,Machine Learning
989,78,53,76,75,63,89,72,79,85,79,90,74,Cybersecurity,Data Science,Machine Learning,Robotics
990,72,50,57,80,60,57,88,83,80,72,74,79,Web Development,Web Development,Robotics,Cybersecurity
991,55,77,88,63,91,66,70,82,72,78,89,85,Web Development,Machine Learning,Data Science,Cybersecurity
992,95,100,62,92,88,87,78,71,91,74,71,95,Web Development,Game Development,AI,Data Science
993,67,90,91,54,82,88,80,88,76,87,94,77,Cybersecurity,Cybersecurity,Web Development,Machine Learning
994,66,78,74,67,86,77,92,94,93,95,92,99,AI,AI,Robotics,AI
995,69,55,60,80,74,95,80,75,79,85,73,75,Machine Learning,Web Development,AI,Data Science
996,98,89,75,51,70,82,71,76,81,96,75,88,Machine Learning,Game Development,Robotics,AI
997,82,77,72,90,76,94,82,72,91,90,72,75,Game Development,Machine Learning,AI,AI
998,53,55,63,95,55,98,88,80,89,77,71,72,Cybersecurity,Machine Learning,Game Development,Web Development
999,65,83,56,84,81,75,74,95,72,98,80,80,Robotics,Web Development,Cybersecurity,Cybersecurity
1000,52,56,64,100,60,72,77,99,72,98,83,79,Cybersecurity,Web Development,Machine Learning,Cybersecurity
